timestamp,consumer_id,archetype,minute_index,input_rate_bytes_per_min,output_rate_bytes_per_min,completeness_ratio,completeness_ratio_1h,static_alert,backlog_bytes,cum_lost_bytes,is_true_loss,is_benign_burst,is_artifact,label,oracle_alert,traj_alert
2026-01-01 00:00:00,consumer_000,bursty_ml,0,,,,,False,57753428.08244999,0.0,False,True,True,benign_burst,False,False
2026-01-01 00:01:00,consumer_000,bursty_ml,1,364807140.0,363286382.0,0.9958313370730628,,False,75217086.94391188,0.0,False,True,False,benign_burst,False,False
2026-01-01 00:02:00,consumer_000,bursty_ml,2,41477782.0,117328388.0,2.8287044856930876,,False,0.0,0.0,False,False,False,normal,False,False
2026-01-01 00:03:00,consumer_000,bursty_ml,3,37691145.0,37720698.0,1.0007840833702453,,False,0.0,0.0,False,False,False,normal,False,False
2026-01-01 00:04:00,consumer_000,bursty_ml,4,63952284.0,54278241.0,0.848730297107137,,False,8293851.304855875,0.0,False,False,False,normal,False,False
2026-01-01 00:05:00,consumer_000,bursty_ml,5,53432639.0,63087783.0,1.180697494653034,,False,0.0,0.0,False,False,False,normal,False,False
2026-01-01 00:06:00,consumer_000,bursty_ml,6,39905552.0,39907721.0,1.0000543533391042,,False,0.0,0.0,False,False,False,normal,False,False
2026-01-01 00:07:00,consumer_000,bursty_ml,7,41291033.0,41286136.0,0.9998814028217701,,False,0.0,0.0,False,False,False,normal,False,False
2026-01-01 00:08:00,consumer_000,bursty_ml,8,43108559.0,42977683.0,0.9969640367705169,,False,0.0,0.0,False,False,False,normal,False,False
2026-01-01 00:09:00,consumer_000,bursty_ml,9,122827813.0,74397860.0,0.6057085783982818,,False,48377956.546692245,0.0,False,False,False,normal,False,False
2026-01-01 00:10:00,consumer_000,bursty_ml,10,43760705.0,92282344.0,2.108794728055684,,False,0.0,0.0,False,False,False,normal,False,False
2026-01-01 00:11:00,consumer_000,bursty_ml,11,63879761.0,63881280.0,1.0000237790495177,,False,0.0,0.0,False,False,False,normal,False,False
2026-01-01 00:12:00,consumer_000,bursty_ml,12,39924436.0,39968525.0,1.0011043111542015,,False,0.0,0.0,False,False,False,normal,False,False
2026-01-01 00:13:00,consumer_000,bursty_ml,13,42081954.0,42046158.0,0.9991493740998814,,False,0.0,0.0,False,False,False,normal,False,False
2026-01-01 00:14:00,consumer_000,bursty_ml,14,95518668.0,70625495.0,0.7393894458410999,,False,23061186.235457044,0.0,False,False,False,normal,False,False
2026-01-01 00:15:00,consumer_000,bursty_ml,15,83767296.0,108702786.0,1.2976757182182412,,False,0.0,0.0,False,False,False,normal,False,False
2026-01-01 00:16:00,consumer_000,bursty_ml,16,40235858.0,40226438.0,0.9997658804740787,,False,0.0,0.0,False,False,False,normal,False,False
2026-01-01 00:17:00,consumer_000,bursty_ml,17,42443119.0,42385048.0,0.9986317923524894,,False,0.0,0.0,False,False,False,normal,False,False
2026-01-01 00:18:00,consumer_000,bursty_ml,18,39826727.0,39827055.0,1.0000082356755051,,False,0.0,0.0,False,False,False,normal,False,False
2026-01-01 00:19:00,consumer_000,bursty_ml,19,100815983.0,66331535.0,0.6579466174525125,,False,25212890.795495052,0.0,False,False,False,normal,False,False
2026-01-01 00:20:00,consumer_000,bursty_ml,20,48424978.0,82912500.0,1.7121845672289207,,False,0.0,0.0,False,False,False,normal,False,False
2026-01-01 00:21:00,consumer_000,bursty_ml,21,69798866.0,68579607.0,0.9825318222218682,,False,0.0,0.0,False,False,False,normal,False,False
2026-01-01 00:22:00,consumer_000,bursty_ml,22,44315685.0,45483840.0,1.026359854304407,,False,0.0,0.0,False,False,False,normal,False,False
2026-01-01 00:23:00,consumer_000,bursty_ml,23,42787978.0,42827519.0,1.000924114712782,,False,0.0,0.0,False,False,False,normal,False,False
2026-01-01 00:24:00,consumer_000,bursty_ml,24,43883998.0,43903010.0,1.0004332330887447,,False,0.0,0.0,False,False,False,normal,False,False
2026-01-01 00:25:00,consumer_000,bursty_ml,25,69252204.0,69252752.0,1.0000079131055526,,False,0.0,0.0,False,False,False,normal,False,False
2026-01-01 00:26:00,consumer_000,bursty_ml,26,39433193.0,36881864.0,0.9352999641697795,,False,0.0,2589885.5183861037,True,False,False,true_loss,True,False
2026-01-01 00:27:00,consumer_000,bursty_ml,27,42827932.0,37216163.0,0.8689694146334219,,False,0.0,8194452.017900779,True,False,False,true_loss,True,False
2026-01-01 00:28:00,consumer_000,bursty_ml,28,42646355.0,37083970.0,0.8695695095161122,,False,0.0,13775648.294867953,True,False,False,true_loss,True,False
2026-01-01 00:29:00,consumer_000,bursty_ml,29,69208760.0,55863094.0,0.8071679654425249,,False,3951546.9874426173,22831566.251109753,True,False,False,true_loss,True,False
2026-01-01 00:30:00,consumer_000,bursty_ml,30,97235207.0,84329755.0,0.8672759343228426,,False,4352946.082292022,35556559.20241348,True,False,False,true_loss,True,False
2026-01-01 00:31:00,consumer_000,bursty_ml,31,40694782.0,39823494.0,0.9785896874935957,,False,0.0,40880917.24033221,True,False,False,true_loss,True,False
2026-01-01 00:32:00,consumer_000,bursty_ml,32,44644853.0,38818044.0,0.8694853133461992,,False,0.0,46724211.19452616,True,False,False,true_loss,True,False
2026-01-01 00:33:00,consumer_000,bursty_ml,33,41105333.0,35721898.0,0.8690331738706508,,False,0.0,52103667.4175081,True,False,False,true_loss,True,False
2026-01-01 00:34:00,consumer_000,bursty_ml,34,45159867.0,38990853.0,0.8633960990186265,,False,0.0,58013678.14926632,True,False,False,true_loss,True,False
2026-01-01 00:35:00,consumer_000,bursty_ml,35,82366057.0,68931033.0,0.8368864009114823,,False,1605686.7523086634,68793979.99051918,True,False,False,true_loss,True,False
2026-01-01 00:36:00,consumer_000,bursty_ml,36,95976604.0,85013902.0,0.8857773504884586,,False,0.0,81353846.13407096,True,False,False,true_loss,True,False
2026-01-01 00:37:00,consumer_000,bursty_ml,37,43542112.0,39153063.0,0.8991999055994344,,False,0.0,87051518.38948528,True,False,False,true_loss,True,False
2026-01-01 00:38:00,consumer_000,bursty_ml,38,43434384.0,37711288.0,0.8682358198058018,,False,0.0,92734132.70572908,True,False,False,true_loss,True,False
2026-01-01 00:39:00,consumer_000,bursty_ml,39,43035664.0,37353630.0,0.8679691801664777,,False,0.0,98365183.31207918,True,False,False,true_loss,True,False
2026-01-01 00:40:00,consumer_000,bursty_ml,40,82224956.0,71451052.0,0.8689703889899315,,False,0.0,109124616.90742332,True,False,False,true_loss,True,False
2026-01-01 00:41:00,consumer_000,bursty_ml,41,52009343.0,44558424.0,0.8567388363279267,,False,0.0,115931905.50452918,True,False,False,true_loss,True,False
2026-01-01 00:42:00,consumer_000,bursty_ml,42,41656705.0,36954579.0,0.88712198912516,,False,0.0,121382868.35773647,True,False,False,true_loss,True,False
2026-01-01 00:43:00,consumer_000,bursty_ml,43,43143703.0,37475972.0,0.8686313272646068,,False,0.0,127028367.58456102,True,False,False,true_loss,True,False
2026-01-01 00:44:00,consumer_000,bursty_ml,44,44406862.0,38504667.0,0.8670882216356562,,False,0.0,132838979.21256883,True,False,False,true_loss,True,False
2026-01-01 00:45:00,consumer_000,bursty_ml,45,76825397.0,66890739.0,0.8706852370707567,,False,0.0,142893558.22899452,True,False,False,true_loss,True,False
2026-01-01 00:46:00,consumer_000,bursty_ml,46,51304338.0,42579284.0,0.8299353555638901,,False,771454.3299262351,149606370.4657134,True,False,False,true_loss,True,False
2026-01-01 00:47:00,consumer_000,bursty_ml,47,85582835.0,76358459.0,0.8922169848661826,,False,0.0,160805116.46933073,True,False,False,true_loss,True,False
2026-01-01 00:48:00,consumer_000,bursty_ml,48,44196963.0,38379636.0,0.8683772231137239,,False,0.0,166588927.82742295,True,False,False,true_loss,True,False
2026-01-01 00:49:00,consumer_000,bursty_ml,49,46232881.0,39884257.0,0.8626816269572298,,False,0.0,172637616.6840554,True,False,False,true_loss,True,False
2026-01-01 00:50:00,consumer_000,bursty_ml,50,75264711.0,65751014.0,0.8735968440774322,,False,0.0,182487624.57050025,True,False,False,true_loss,True,False
2026-01-01 00:51:00,consumer_000,bursty_ml,51,75577078.0,61544484.0,0.8143273811141521,,False,3873313.3552019754,192377586.86439642,True,False,False,true_loss,True,False
2026-01-01 00:52:00,consumer_000,bursty_ml,52,84848296.0,77904871.0,0.9181665946479349,,False,0.0,203482181.71788964,True,False,False,true_loss,True,False
2026-01-01 00:53:00,consumer_000,bursty_ml,53,43183679.0,37540574.0,0.869323199628267,,False,0.0,209133262.31826082,True,False,False,true_loss,True,False
2026-01-01 00:54:00,consumer_000,bursty_ml,54,77235864.0,66003389.0,0.8545691804522314,,False,0.0,219250860.10479417,True,False,False,true_loss,True,False
2026-01-01 00:55:00,consumer_000,bursty_ml,55,54912481.0,45233762.0,0.8237428208716339,,False,2112553.8871778385,226437658.01349428,True,False,False,true_loss,True,False
2026-01-01 00:56:00,consumer_000,bursty_ml,56,106379995.0,90321535.0,0.849046242199955,,False,5205560.5294045545,240354463.39130446,True,False,False,true_loss,True,False
2026-01-01 00:57:00,consumer_000,bursty_ml,57,78992215.0,74281225.0,0.940361338139461,,False,0.0,250692635.98992363,True,False,False,true_loss,True,False
2026-01-01 00:58:00,consumer_000,bursty_ml,58,42710314.0,36935399.0,0.8647887486849195,,False,0.0,256281203.00869063,True,False,False,true_loss,True,False
2026-01-01 00:59:00,consumer_000,bursty_ml,59,80270853.0,69976599.0,0.871756015847994,,False,0.0,266860221.53882694,True,False,False,true_loss,True,False
2026-01-01 01:00:00,consumer_000,bursty_ml,60,67392737.0,58527039.0,0.8684472779314483,0.9476134718882776,False,0.0,275679700.08219147,True,False,False,true_loss,True,True
2026-01-01 01:01:00,consumer_000,bursty_ml,61,44549581.0,38751711.0,0.8698557905628787,0.9416399751470026,False,0.0,281508772.88284266,True,False,False,true_loss,True,True
2026-01-01 01:02:00,consumer_000,bursty_ml,62,43093771.0,37400377.0,0.8678835973765211,0.9185417652422082,False,0.0,287147714.0045065,True,False,False,true_loss,True,True
2026-01-01 01:03:00,consumer_000,bursty_ml,63,43500380.0,37745908.0,0.8677144429542915,0.9170381553581801,False,0.0,292840781.72089106,True,False,False,true_loss,True,True
2026-01-01 01:04:00,consumer_000,bursty_ml,64,42334590.0,36892713.0,0.8714555402567971,0.9177328638111742,False,0.0,298380267.34879947,True,False,False,true_loss,True,True
2026-01-01 01:05:00,consumer_000,bursty_ml,65,82684786.0,71740255.0,0.8676354922173953,0.9125930780040337,False,0.0,309201394.42012304,True,False,False,true_loss,True,True
2026-01-01 01:06:00,consumer_000,bursty_ml,66,43837821.0,38188828.0,0.8711388278171946,0.9110953243907881,False,0.0,314938665.55170345,True,False,False,true_loss,True,True
2026-01-01 01:07:00,consumer_000,bursty_ml,67,43978977.0,38115566.0,0.8666769579474302,0.9095107019132651,False,0.0,320694078.7674952,True,False,False,true_loss,True,True
2026-01-01 01:08:00,consumer_000,bursty_ml,68,47728667.0,41386556.0,0.8671215561079885,0.9078792463811479,False,0.0,326939743.6762115,True,False,False,true_loss,True,True
2026-01-01 01:09:00,consumer_000,bursty_ml,69,76528136.0,66803101.0,0.8729220975668348,0.9177062102793362,True,0.0,336954965.26785654,True,False,False,true_loss,True,True
2026-01-01 01:10:00,consumer_000,bursty_ml,70,93848461.0,76800477.0,0.8183456199670659,0.9004199109586557,True,2938729.9609714244,349233581.15310663,True,False,False,true_loss,True,True
2026-01-01 01:11:00,consumer_000,bursty_ml,71,63298612.0,59748471.0,0.943914394205042,0.8994043217403123,True,0.0,357517899.3984788,True,False,False,true_loss,True,True
2026-01-01 01:12:00,consumer_000,bursty_ml,72,59406851.0,44635370.0,0.7513505470943074,0.8958069137634412,True,4594160.251588827,365292398.9558542,True,False,False,true_loss,True,True
2026-01-01 01:13:00,consumer_000,bursty_ml,73,53325008.0,53341226.0,1.0003041349754698,0.896148200676195,True,0.0,372271243.95490015,True,False,False,true_loss,True,True
2026-01-01 01:14:00,consumer_000,bursty_ml,74,55746352.0,47874335.0,0.8587886611845023,0.899784433628458,True,0.0,379564951.4893375,True,False,False,true_loss,True,True
2026-01-01 01:15:00,consumer_000,bursty_ml,75,85112249.0,69280027.0,0.8139842127776461,0.8883269940109599,True,3209917.9508395344,390825738.3263392,True,False,False,true_loss,True,True
2026-01-01 01:16:00,consumer_000,bursty_ml,76,79464208.0,74224586.0,0.9340631193354372,0.8880900902617804,True,0.0,401225292.0030656,True,False,False,true_loss,True,True
2026-01-01 01:17:00,consumer_000,bursty_ml,77,45267218.0,39286714.0,0.8678844368125296,0.8865277587094818,True,0.0,407148613.905968,True,False,False,true_loss,True,True
2026-01-01 01:18:00,consumer_000,bursty_ml,78,44814933.0,38963908.0,0.8694402823273215,0.8850569409496415,True,0.0,413011904.1343827,True,False,False,true_loss,True,True
2026-01-01 01:19:00,consumer_000,bursty_ml,79,79733716.0,69221126.0,0.868153768225226,0.8910889391375683,True,0.0,423443635.17526644,True,False,False,true_loss,True,True
2026-01-01 01:20:00,consumer_000,bursty_ml,80,67733293.0,54101984.0,0.7987502394132824,0.8782771579387434,True,4489932.773863665,432307444.2653485,True,False,False,true_loss,True,True
2026-01-01 01:21:00,consumer_000,bursty_ml,81,53299900.0,51152560.0,0.9597121195349335,0.8774558361430325,True,0.0,439280624.57787824,True,False,False,true_loss,True,True
2026-01-01 01:22:00,consumer_000,bursty_ml,82,47329395.0,41188678.0,0.870255746983455,0.8755164389862967,True,0.0,445474729.27229863,True,False,False,true_loss,True,True
2026-01-01 01:23:00,consumer_000,bursty_ml,83,42561942.0,36891725.0,0.8667772960171789,0.8739127692063027,True,0.0,451045115.3283029,True,False,False,true_loss,True,True
2026-01-01 01:24:00,consumer_000,bursty_ml,84,44828265.0,38848108.0,0.8665985176985993,0.872269786218136,True,0.0,456910611.21904695,True,False,False,true_loss,True,True
2026-01-01 01:25:00,consumer_000,bursty_ml,85,78453148.0,68426967.0,0.8722016737938929,0.869802900592357,True,0.0,467177291.4549685,True,False,False,true_loss,True,True
2026-01-01 01:26:00,consumer_000,bursty_ml,86,45531320.0,39525785.0,0.8681010126655674,0.8690627549425376,True,0.0,473135595.9600547,True,False,False,true_loss,True,True
2026-01-01 01:27:00,consumer_000,bursty_ml,87,114685216.0,95208571.0,0.8301730102683854,0.8678472652544982,True,4352970.176698122,488143914.7453372,True,False,False,true_loss,True,True
2026-01-01 01:28:00,consumer_000,bursty_ml,88,55697727.0,52893508.0,0.9496529005573243,0.8690657435559108,True,0.0,495432810.58496857,True,False,False,true_loss,True,True
2026-01-01 01:29:00,consumer_000,bursty_ml,89,61904685.0,44264256.0,0.7150388698367498,0.8676356332421333,True,6613693.148217243,503533151.4497817,True,False,False,true_loss,True,True
2026-01-01 01:30:00,consumer_000,bursty_ml,90,160322654.0,139205012.0,0.8682803616761484,0.8676726729123235,True,5403414.140484176,528739214.1603974,True,False,False,true_loss,True,True
2026-01-01 01:31:00,consumer_000,bursty_ml,91,84496787.0,76649512.0,0.9071293089523037,0.8673604544651367,True,2227737.161638247,539796849.418201,True,False,False,true_loss,True,True
2026-01-01 01:32:00,consumer_000,bursty_ml,92,55599547.0,50557185.0,0.909309297070352,0.8679508679797404,True,0.0,547070941.0871657,True,False,False,true_loss,True,True
2026-01-01 01:33:00,consumer_000,bursty_ml,93,44304418.0,38458031.0,0.8680405416904472,0.8679401859348123,True,0.0,552867322.6483903,True,False,False,true_loss,True,True
2026-01-01 01:34:00,consumer_000,bursty_ml,94,59087773.0,48855117.0,0.8268227844701475,0.8673558823637469,True,1495902.2580025438,560599075.0420116,True,False,False,true_loss,True,True
2026-01-01 01:35:00,consumer_000,bursty_ml,95,73298744.0,66227267.0,0.9035252636798251,0.8687148049650198,True,0.0,570191313.1020726,True,False,False,true_loss,True,True
2026-01-01 01:36:00,consumer_000,bursty_ml,96,45633153.0,39709313.0,0.8701856082572248,0.8682957161626222,True,0.0,576162477.5370482,True,False,False,true_loss,True,True
2026-01-01 01:37:00,consumer_000,bursty_ml,97,67216097.0,54711921.0,0.8139705136405049,0.8669705818718558,True,3361424.8578012288,584958074.46821,True,False,False,true_loss,True,True
2026-01-01 01:38:00,consumer_000,bursty_ml,98,65097704.0,60265713.0,0.9257732500058681,0.8679653718695169,True,0.0,593477317.4453206,True,False,False,true_loss,True,True
2026-01-01 01:39:00,consumer_000,bursty_ml,99,101777838.0,84127359.0,0.8265783657145478,0.8668716471010149,True,2706903.64179618,606797658.8198614,True,False,False,true_loss,True,True
2026-01-01 01:40:00,consumer_000,bursty_ml,100,67478145.0,62997842.0,0.9336036430758433,0.8680003151067096,True,0.0,615627879.7176046,True,False,False,true_loss,True,True
2026-01-01 01:41:00,consumer_000,bursty_ml,101,55766820.0,47226472.0,0.8468561054763388,0.8678457917879439,True,0.0,622925789.3403931,True,False,False,true_loss,True,True
2026-01-01 01:42:00,consumer_000,bursty_ml,102,45143343.0,40477041.0,0.8966336631294674,0.8679749808119468,True,0.0,628833727.8995496,True,False,False,true_loss,True,True
2026-01-01 01:43:00,consumer_000,bursty_ml,103,44368771.0,38624340.0,0.8705298598421849,0.8679970966656129,True,0.0,634639847.6672561,True,False,False,true_loss,True,True
2026-01-01 01:44:00,consumer_000,bursty_ml,104,61764025.0,47827294.0,0.7743552011061455,0.8665101653539959,True,4036064.646008291,642720515.2573204,True,False,False,true_loss,True,True
2026-01-01 01:45:00,consumer_000,bursty_ml,105,70262646.0,66885125.0,0.951930062525684,0.8679834800917335,True,0.0,651914487.8451412,True,False,False,true_loss,True,True
2026-01-01 01:46:00,consumer_000,bursty_ml,106,47842735.0,41585316.0,0.8692085851697232,0.8685053840753447,True,0.0,658174745.5758427,True,False,False,true_loss,True,True
2026-01-01 01:47:00,consumer_000,bursty_ml,107,46815413.0,40650329.0,0.8683108061014009,0.8679708935638586,True,0.0,664300561.1171542,True,False,False,true_loss,True,True
2026-01-01 01:48:00,consumer_000,bursty_ml,108,42497454.0,37012375.0,0.8709315856898157,0.8679991888961456,True,0.0,669861878.481553,True,False,False,true_loss,True,True
2026-01-01 01:49:00,consumer_000,bursty_ml,109,49244851.0,42368582.0,0.8603657263578683,0.8679650970861792,True,0.0,676305945.1977085,True,False,False,true_loss,True,True
2026-01-01 01:50:00,consumer_000,bursty_ml,110,78985272.0,69080107.0,0.8745947852151474,0.8679912247316256,True,0.0,686642506.751604,True,False,False,true_loss,True,True
2026-01-01 01:51:00,consumer_000,bursty_ml,111,55332733.0,48056202.0,0.8684950009608237,0.8690662770024797,True,0.0,693884501.8994606,True,False,False,true_loss,True,True
2026-01-01 01:52:00,consumer_000,bursty_ml,112,45012026.0,39153599.0,0.86984751586165,0.8679672517482508,True,0.0,699774621.8766528,True,False,False,true_loss,True,True
2026-01-01 01:53:00,consumer_000,bursty_ml,113,47976394.0,41643213.0,0.8679938096222904,0.8679520316919122,True,0.0,706053456.8622688,True,False,False,true_loss,True,True
2026-01-01 01:54:00,consumer_000,bursty_ml,114,100067227.0,53910930.0,0.5387471164760067,0.859524614177137,True,27954702.640306164,719149697.227155,True,False,False,true_loss,True,True
2026-01-01 01:55:00,consumer_000,bursty_ml,115,101614523.0,118449631.0,1.165676199651107,0.8681533735477163,True,0.0,735380227.0984181,True,False,False,true_loss,True,True
2026-01-01 01:56:00,consumer_000,bursty_ml,116,42636485.0,37132574.0,0.870910770435227,0.8687238212641066,True,0.0,740959652.8618968,True,False,False,true_loss,True,True
2026-01-01 01:57:00,consumer_000,bursty_ml,117,43548268.0,37835768.0,0.8688237153312274,0.8672094423905643,True,0.0,746658386.5648937,True,False,False,true_loss,True,True
2026-01-01 01:58:00,consumer_000,bursty_ml,118,45384928.0,39308493.0,0.8661133713817945,0.8672237989283574,True,0.0,752595852.6886008,True,False,False,true_loss,True,True
2026-01-01 01:59:00,consumer_000,bursty_ml,119,136873938.0,65995704.0,0.48216413558584104,0.8532330999176545,True,46079998.0522359,771969314.7457672,True,False,False,true_loss,True,True
2026-01-01 02:00:00,consumer_000,bursty_ml,120,134520404.0,160578684.0,1.193712472049965,0.8648323729795508,True,0.0,795158814.2424989,True,False,False,true_loss,True,True
2026-01-01 02:01:00,consumer_000,bursty_ml,121,47576492.0,43657196.0,0.9176211646709892,0.8654245423316093,True,0.0,801384289.2941381,True,False,False,true_loss,True,True
2026-01-01 02:02:00,consumer_000,bursty_ml,122,45473832.0,39519033.0,0.8690499846153278,0.8654397772047095,True,0.0,807335379.1855696,True,False,False,true_loss,True,True
2026-01-01 02:03:00,consumer_000,bursty_ml,123,47399312.0,41200019.0,0.8692113294809005,0.8654604049340616,True,0.0,813539292.249503,True,False,False,true_loss,True,True
2026-01-01 02:04:00,consumer_000,bursty_ml,124,64097561.0,50043203.0,0.7807349019099182,0.8639995893587963,True,3847904.416157125,821924956.1571246,True,False,False,true_loss,True,True
2026-01-01 02:05:00,consumer_000,bursty_ml,125,66880880.0,63870850.0,0.9549941627562317,0.8654923362213139,True,0.0,830677221.6081636,True,False,False,true_loss,True,True
2026-01-01 02:06:00,consumer_000,bursty_ml,126,44805226.0,38892980.0,0.8680456159288205,0.8654579933326972,True,0.0,836541474.3827621,True,False,False,true_loss,True,True
2026-01-01 02:07:00,consumer_000,bursty_ml,127,43690792.0,38034672.0,0.8705420583815464,0.8655014684501722,True,0.0,842258610.7523334,True,False,False,true_loss,True,True
2026-01-01 02:08:00,consumer_000,bursty_ml,128,45929238.0,39969565.0,0.8702422844463477,0.8655377108670728,True,0.0,848268874.9425738,True,False,False,true_loss,True,True
2026-01-01 02:09:00,consumer_000,bursty_ml,129,58446630.0,48668735.0,0.832703870180368,0.8648935358959545,True,866763.9865794387,855916702.7183104,True,False,False,true_loss,True,True
2026-01-01 02:10:00,consumer_000,bursty_ml,130,85167599.0,72157440.0,0.8472405098563364,0.8656381455407086,True,2204250.6512003723,867061584.8087573,True,False,False,true_loss,True,True
2026-01-01 02:11:00,consumer_000,bursty_ml,131,65204648.0,60574038.0,0.9289834368862784,0.8654239976852167,True,0.0,875593206.1039141,True,False,False,true_loss,True,True
2026-01-01 02:12:00,consumer_000,bursty_ml,132,91562938.0,79592884.0,0.8692696601762604,0.8672605317081702,True,0.0,887574086.5198462,True,False,False,true_loss,True,True
2026-01-01 02:13:00,consumer_000,bursty_ml,133,48728930.0,42357433.0,0.8692461131405923,0.8654556264474791,True,0.0,893950112.7227505,True,False,False,true_loss,True,True
2026-01-01 02:14:00,consumer_000,bursty_ml,134,46358752.0,40309811.0,0.869518899041976,0.865600421964912,True,0.0,900017580.7587162,True,False,False,true_loss,True,True
2026-01-01 02:15:00,consumer_000,bursty_ml,135,88970485.0,75759519.0,0.851512937127408,0.8664114112481709,True,0.0,911753170.9334482,True,False,False,true_loss,True,True
2026-01-01 02:16:00,consumer_000,bursty_ml,136,49337637.0,44313142.0,0.8981610124538393,0.8654197424205006,True,0.0,918209701.2880659,True,False,False,true_loss,True,True
2026-01-01 02:17:00,consumer_000,bursty_ml,137,47076955.0,40958064.0,0.8700236453271033,0.8654471067089222,True,0.0,924370637.0720203,True,False,False,true_loss,True,True
2026-01-01 02:18:00,consumer_000,bursty_ml,138,49744487.0,43202555.0,0.8684893061617059,0.8654399289699729,True,0.0,930880708.4560757,True,False,False,true_loss,True,True
2026-01-01 02:19:00,consumer_000,bursty_ml,139,54236261.0,46300149.0,0.8536751639276904,0.8652164050773592,True,0.0,937977799.3825021,True,False,False,true_loss,True,True
2026-01-01 02:20:00,consumer_000,bursty_ml,140,74444035.0,65548736.0,0.8805102517616086,0.8666893550697957,True,0.0,947717359.917226,True,False,False,true_loss,True,True
2026-01-01 02:21:00,consumer_000,bursty_ml,141,46611195.0,40541491.0,0.8697801247103835,0.865430027594173,True,0.0,953818096.567438,True,False,False,true_loss,True,True
2026-01-01 02:22:00,consumer_000,bursty_ml,142,46126200.0,40067959.0,0.8686594386704303,0.8654092405092297,True,0.0,959854972.851988,True,False,False,true_loss,True,True
2026-01-01 02:23:00,consumer_000,bursty_ml,143,50683302.0,44035721.0,0.8688408067808999,0.8654394513039175,True,0.0,966487191.6958525,True,False,False,true_loss,True,True
2026-01-01 02:24:00,consumer_000,bursty_ml,144,174842953.0,142195059.0,0.8132730348016943,0.8631228542693373,True,2788476.2033942137,995984010.3974975,True,False,False,true_loss,True,True
2026-01-01 02:25:00,consumer_000,bursty_ml,145,46755993.0,43687925.0,0.9343812888328561,0.8637897420775237,True,0.0,1002103413.669922,True,False,False,true_loss,True,True
2026-01-01 02:26:00,consumer_000,bursty_ml,146,47402671.0,41222438.0,0.8696226843419858,0.8638101499664254,True,0.0,1008305298.5650917,True,False,False,true_loss,True,True
2026-01-01 02:27:00,consumer_000,bursty_ml,147,48279892.0,42022229.0,0.8703878003703902,0.8648908668942737,True,0.0,1014622859.4553267,True,False,False,true_loss,True,True
2026-01-01 02:28:00,consumer_000,bursty_ml,148,48737755.0,42412634.0,0.8702213304654677,0.8637340362406587,True,0.0,1021001603.0575255,True,False,False,true_loss,True,True
2026-01-01 02:29:00,consumer_000,bursty_ml,149,60599134.0,49817490.0,0.8220825399914131,0.8654670155377465,True,0.0,1029259534.1500037,True,False,False,true_loss,True,True
2026-01-01 02:30:00,consumer_000,bursty_ml,150,78363218.0,70893981.0,0.9046844018069804,0.8661619611968696,True,0.0,1039185610.1935831,True,False,False,true_loss,True,True
2026-01-01 02:31:00,consumer_000,bursty_ml,151,47746617.0,41522086.0,0.869634093657358,0.8652798829103678,True,0.0,1045433095.6026542,True,False,False,true_loss,True,True
2026-01-01 02:32:00,consumer_000,bursty_ml,152,62793592.0,54605687.0,0.86960604196683,0.8646985321995218,True,0.0,1053650211.5693784,True,False,False,true_loss,True,True
2026-01-01 02:33:00,consumer_000,bursty_ml,153,46452774.0,39819196.0,0.8571973764150231,0.864565978806009,True,0.0,1060187818.0197794,True,False,False,true_loss,True,True
2026-01-01 02:34:00,consumer_000,bursty_ml,154,52106289.0,45829000.0,0.879529148583197,0.8653710074803123,True,0.0,1066546491.1637721,True,False,False,true_loss,True,True
2026-01-01 02:35:00,consumer_000,bursty_ml,155,86570244.0,74636926.0,0.8621545065761856,0.8645514289969344,True,0.0,1077875723.855298,True,False,False,true_loss,True,True
2026-01-01 02:36:00,consumer_000,bursty_ml,156,59067885.0,49403023.0,0.8363770431258881,0.8640411895805901,True,956496.6155966576,1085605104.088478,True,False,False,true_loss,True,True
2026-01-01 02:37:00,consumer_000,bursty_ml,157,123253838.0,103740815.0,0.8416842565178376,0.8642008053100221,True,5842587.254067018,1101734425.8618119,True,False,False,true_loss,True,True
2026-01-01 02:38:00,consumer_000,bursty_ml,158,92416533.0,78145569.0,0.845579967818096,0.8627122859908871,True,5164152.053776408,1113826464.6872075,True,False,False,true_loss,True,True
2026-01-01 02:39:00,consumer_000,bursty_ml,159,52793986.0,53524913.0,1.0138448913480411,0.8657798949448198,True,0.0,1120734823.0730455,True,False,False,true_loss,True,False
2026-01-01 02:40:00,consumer_000,bursty_ml,160,83134174.0,72576860.0,0.87300873404961,0.8647379275154391,True,0.0,1131611951.0071614,True,False,False,true_loss,True,True
2026-01-01 02:41:00,consumer_000,bursty_ml,161,48142085.0,41981775.0,0.8720389862632664,0.8650921119644815,True,0.0,1137911581.3016756,True,False,False,true_loss,True,True
2026-01-01 02:42:00,consumer_000,bursty_ml,162,85040263.0,69053423.0,0.8120085776310452,0.8635488595448748,True,4140645.804968412,1149040552.648971,True,False,False,true_loss,True,True
2026-01-01 02:43:00,consumer_000,bursty_ml,163,46947541.0,45607798.0,0.9714629782207337,0.8647842087642014,True,0.0,1155183913.316439,True,False,False,true_loss,True,True
2026-01-01 02:44:00,consumer_000,bursty_ml,164,64786807.0,61040273.0,0.9421713436193885,0.8675347451233368,True,0.0,1158519214.7815447,True,False,False,true_loss,True,False
2026-01-01 02:45:00,consumer_000,bursty_ml,165,87140702.0,87469177.0,1.0037694784694298,0.8690699700887661,True,0.0,1158519214.7815447,False,False,False,normal,False,False
2026-01-01 02:46:00,consumer_000,bursty_ml,166,48485238.0,48512663.0,1.000565636080821,0.8707153053578297,True,0.0,1158519214.7815447,False,False,False,normal,False,False
2026-01-01 02:47:00,consumer_000,bursty_ml,167,48985631.0,48993215.0,1.0001548209106463,0.8723814783097276,True,0.0,1158519214.7815447,False,False,False,normal,False,False
2026-01-01 02:48:00,consumer_000,bursty_ml,168,45735352.0,45824484.0,1.0019488644145562,0.8739260899088772,True,0.0,1158519214.7815447,False,False,False,normal,False,False
2026-01-01 02:49:00,consumer_000,bursty_ml,169,114974264.0,67030919.0,0.5830080286489158,0.865610563649378,True,42182049.33177493,1158519214.7815447,False,False,False,normal,False,False
2026-01-01 02:50:00,consumer_000,bursty_ml,170,70759399.0,118619973.0,1.6763846877783686,0.8800138791174554,True,0.0,1158519214.7815447,False,False,False,normal,False,False
2026-01-01 02:51:00,consumer_000,bursty_ml,171,119566256.0,109954392.0,0.919610563033771,0.8813574774155717,True,8979555.266614085,1158519214.7815447,False,False,False,normal,False,False
2026-01-01 02:52:00,consumer_000,bursty_ml,172,48913927.0,58536977.0,1.1967343574765525,0.8853416167565732,True,0.0,1158519214.7815447,False,False,False,normal,False,False
2026-01-01 02:53:00,consumer_000,bursty_ml,173,48493981.0,48536862.0,1.0008842540685616,0.8869494685330179,True,0.0,1158519214.7815447,False,False,False,normal,False,False
2026-01-01 02:54:00,consumer_000,bursty_ml,174,73393651.0,65574161.0,0.8934582229735376,0.8958335209363981,True,6450454.367756431,1158519214.7815447,False,False,False,normal,False,False
2026-01-01 02:55:00,consumer_000,bursty_ml,175,110910071.0,118680543.0,1.0700610136657474,0.8938018703074606,True,0.0,1158519214.7815447,False,False,False,normal,False,False
2026-01-01 02:56:00,consumer_000,bursty_ml,176,46484481.0,46437048.0,0.9989795949319086,0.8952722111330302,True,0.0,1158519214.7815447,False,False,False,normal,False,False
2026-01-01 02:57:00,consumer_000,bursty_ml,177,50118678.0,50095604.0,0.9995396127567451,0.8968683780631803,True,0.0,1158519214.7815447,False,False,False,normal,False,False
2026-01-01 02:58:00,consumer_000,bursty_ml,178,51632977.0,51633287.0,1.000006003914901,0.8985479112133372,True,0.0,1158519214.7815447,False,False,False,normal,False,False
2026-01-01 02:59:00,consumer_000,bursty_ml,179,78868960.0,69581760.0,0.8822451823886102,0.9126730465988397,True,8615393.782139929,1158519214.7815447,False,False,False,normal,False,False
2026-01-01 03:00:00,consumer_000,bursty_ml,180,63445556.0,72818668.0,1.1477347286545965,0.906761941395538,True,0.0,1158519214.7815447,False,False,False,normal,False,False
2026-01-01 03:01:00,consumer_000,bursty_ml,181,50268152.0,50259007.0,0.9998180756674723,0.9078356701956545,True,0.0,1158519214.7815447,False,False,False,normal,False,False
2026-01-01 03:02:00,consumer_000,bursty_ml,182,53748896.0,53600479.0,0.9972386967724881,0.909527126667918,True,0.0,1158519214.7815447,False,False,False,normal,False,False
2026-01-01 03:03:00,consumer_000,bursty_ml,183,48513928.0,48576290.0,1.0012854452849087,0.9111649287139012,True,0.0,1158519214.7815447,False,False,True,artifact,False,False
2026-01-01 03:04:00,consumer_000,bursty_ml,184,114933596.0,98232501.0,0.8546891806987401,0.911639895448795,True,15997251.516381042,1158519214.7815447,False,False,False,normal,False,False
2026-01-01 03:05:00,consumer_000,bursty_ml,185,59204948.0,75915651.0,1.2822517976031327,0.9164878553417607,True,0.0,1158519214.7815447,False,False,False,normal,False,False
2026-01-01 03:06:00,consumer_000,bursty_ml,186,47294345.0,47332004.0,1.0007962685602263,0.9180545492835023,True,0.0,1158519214.7815447,False,False,False,normal,False,False
2026-01-01 03:07:00,consumer_000,bursty_ml,187,46366940.0,46305334.0,0.998671337810949,0.9195327235054062,True,0.0,1158519214.7815447,False,False,False,normal,False,False
2026-01-01 03:08:00,consumer_000,bursty_ml,188,51418546.0,51505512.0,1.0016913352625725,0.9211801008908214,True,0.0,1158519214.7815447,False,False,False,normal,False,False
2026-01-01 03:09:00,consumer_000,bursty_ml,189,57302105.0,56027916.0,0.9777636615618222,0.923316889522709,True,0.0,1158519214.7815447,False,False,False,normal,False,False
2026-01-01 03:10:00,consumer_000,bursty_ml,190,80313803.0,81543248.0,1.0153080162322783,0.9268431620622141,True,0.0,1158519214.7815447,False,False,False,normal,False,False
2026-01-01 03:11:00,consumer_000,bursty_ml,191,72662352.0,72672418.0,1.0001385311612263,0.9281594537856671,True,0.0,1158519214.7815447,False,False,False,normal,False,False
2026-01-01 03:12:00,consumer_000,bursty_ml,192,61222262.0,59314670.0,0.9688415302263742,0.930175656593463,True,0.0,1158519214.7815447,False,False,False,normal,False,False
2026-01-01 03:13:00,consumer_000,bursty_ml,193,48004224.0,50000189.0,1.0415789452194875,0.9323032820780784,True,0.0,1158519214.7815447,False,False,False,normal,False,False
2026-01-01 03:14:00,consumer_000,bursty_ml,194,49723711.0,49607191.0,0.9976566511699017,0.9338778382787087,True,0.0,1158519214.7815447,False,False,False,normal,False,False
2026-01-01 03:15:00,consumer_000,bursty_ml,195,142713028.0,142848784.0,1.0009512516264458,0.9381390317712155,True,0.0,1158519214.7815447,False,False,False,normal,False,False
2026-01-01 03:16:00,consumer_000,bursty_ml,196,48869636.0,48845322.0,0.9995024722508676,0.9393926118264889,True,0.0,1158519214.7815447,False,False,False,normal,False,False
2026-01-01 03:17:00,consumer_000,bursty_ml,197,59672375.0,53765413.0,0.9010101072732567,0.9396377727511237,True,3735819.558943048,1158519214.7815447,False,False,False,normal,False,False
2026-01-01 03:18:00,consumer_000,bursty_ml,198,48468077.0,54289097.0,1.1201000815443947,0.9427270546418896,True,0.0,1158519214.7815447,False,False,False,normal,False,False
2026-01-01 03:19:00,consumer_000,bursty_ml,199,88045886.0,76698229.0,0.8711165562011608,0.9423592515155707,True,10313050.197436493,1158519214.7815447,False,False,False,normal,False,False
2026-01-01 03:20:00,consumer_000,bursty_ml,200,226782624.0,218880370.0,0.9651549406183783,0.9447070141337702,True,19336971.719015718,1158519214.7815447,False,False,False,normal,False,False
2026-01-01 03:21:00,consumer_000,bursty_ml,201,103950922.0,115236486.0,1.1085662713025286,0.9495704372980406,True,5525814.888240088,1158519214.7815447,False,False,False,normal,False,False
2026-01-01 03:22:00,consumer_000,bursty_ml,202,124111846.0,122506502.0,0.9870653442701997,0.9515213125557858,True,8971437.091078699,1158519214.7815447,False,False,False,normal,False,False
2026-01-01 03:23:00,consumer_000,bursty_ml,203,117040459.0,123056179.0,1.05139863643221,0.9551595768718423,True,0.0,1158519214.7815447,False,False,False,normal,False,False
2026-01-01 03:24:00,consumer_000,bursty_ml,204,48806652.0,52255146.0,1.0706562294008612,0.9623421049078388,True,0.0,1158519214.7815447,False,False,False,normal,False,False
2026-01-01 03:25:00,consumer_000,bursty_ml,205,88326708.0,79002622.0,0.8944363917649913,0.9612462609408913,True,8850565.760112204,1158519214.7815447,False,False,False,normal,False,False
2026-01-01 03:26:00,consumer_000,bursty_ml,206,81478897.0,91077643.0,1.11780652848062,0.9652096424090819,True,0.0,1158519214.7815447,False,False,False,normal,False,False
2026-01-01 03:27:00,consumer_000,bursty_ml,207,49635513.0,49628738.0,0.9998635049868427,0.96666896275681,True,0.0,1158519214.7815447,False,False,False,normal,False,False
2026-01-01 03:28:00,consumer_000,bursty_ml,208,50990753.0,50953081.0,0.9992611993786403,0.9681424575931589,True,0.0,1158519214.7815447,False,False,False,normal,False,False
2026-01-01 03:29:00,consumer_000,bursty_ml,209,52023268.0,52012547.0,0.9997939191363372,0.9705784509271189,True,0.0,1158519214.7815447,False,False,False,normal,False,False
2026-01-01 03:30:00,consumer_000,bursty_ml,210,88918348.0,88772658.0,0.998361530513365,0.9723456130211019,True,0.0,1158519214.7815447,False,False,False,normal,False,False
2026-01-01 03:31:00,consumer_000,bursty_ml,211,88674479.0,80864844.0,0.9119291696092175,0.9722416737390446,True,7736941.320293409,1158519214.7815447,False,False,False,normal,False,False
2026-01-01 03:32:00,consumer_000,bursty_ml,212,97536043.0,105504751.0,1.0817001362255387,0.9761366665821398,True,0.0,1158519214.7815447,False,False,False,normal,False,False
2026-01-01 03:33:00,consumer_000,bursty_ml,213,48790986.0,48721217.0,0.9985700432452831,0.9776418125585252,True,0.0,1158519214.7815447,False,False,False,normal,False,False
2026-01-01 03:34:00,consumer_000,bursty_ml,214,87555021.0,87418337.0,0.9984388787937131,0.9792056517452573,True,0.0,1158519214.7815447,False,False,False,normal,False,False
2026-01-01 03:35:00,consumer_000,bursty_ml,215,86351334.0,86379151.0,1.000322137466921,0.9819026986008055,True,0.0,1158519214.7815447,False,False,False,normal,False,False
2026-01-01 03:36:00,consumer_000,bursty_ml,216,49090838.0,49132351.0,1.000845636409792,0.9840562842770157,True,0.0,1158519214.7815447,False,False,False,normal,False,False
2026-01-01 03:37:00,consumer_000,bursty_ml,217,49515875.0,49535557.0,1.0003974886841847,0.9882767824467842,True,0.0,1158519214.7815447,False,False,False,normal,False,False
2026-01-01 03:38:00,consumer_000,bursty_ml,218,51249437.0,51277815.0,1.0005537231560222,0.9914837625607547,False,0.0,1158519214.7815447,False,False,False,normal,False,False
2026-01-01 03:39:00,consumer_000,bursty_ml,219,69433816.0,64738769.0,0.932380974135139,0.9902619588267201,False,3535122.455995203,1158519214.7815447,False,False,False,normal,False,False
2026-01-01 03:40:00,consumer_000,bursty_ml,220,76572568.0,81201803.0,1.060455527624462,0.9937638623636655,False,0.0,1158519214.7815447,False,False,False,normal,False,False
2026-01-01 03:41:00,consumer_000,bursty_ml,221,48853882.0,48833179.0,0.999576226102155,0.9951863847075985,False,0.0,1158519214.7815447,False,False,False,normal,False,False
2026-01-01 03:42:00,consumer_000,bursty_ml,222,47736209.0,47796264.0,1.0012580596837926,0.9988921312457099,False,0.0,1158519214.7815447,False,False,False,normal,False,False
2026-01-01 03:43:00,consumer_000,bursty_ml,223,50704678.0,50687317.0,0.9996576055566313,0.9992016684154262,False,0.0,1158519214.7815447,False,False,False,normal,False,False
2026-01-01 03:44:00,consumer_000,bursty_ml,224,59655708.0,56661979.0,0.9498165540169266,0.9993765822542362,False,3135943.1544036623,1158519214.7815447,False,False,False,normal,False,False
2026-01-01 03:45:00,consumer_000,bursty_ml,225,136562764.0,139667905.0,1.0227378306432051,1.0000249804563184,False,0.0,1158519214.7815447,False,False,False,normal,False,False
2026-01-01 03:46:00,consumer_000,bursty_ml,226,51023977.0,50997785.0,0.9994866727068334,1.00001259000893,False,0.0,1158519214.7815447,False,False,False,normal,False,False
2026-01-01 03:47:00,consumer_000,bursty_ml,227,54457191.0,54397302.0,0.9989002554318308,0.9999970197390368,False,0.0,1158519214.7815447,False,False,False,normal,False,False
2026-01-01 03:48:00,consumer_000,bursty_ml,228,51058238.0,51115184.0,1.0011153146334584,0.9999896127232669,False,0.0,1158519214.7815447,False,False,False,normal,False,False
2026-01-01 03:49:00,consumer_000,bursty_ml,229,95722373.0,87427799.0,0.9133475932528334,1.0091591466659138,False,5380224.821623871,1158519214.7815447,False,False,False,normal,False,False
2026-01-01 03:50:00,consumer_000,bursty_ml,230,50323940.0,58607138.0,1.1645975652939735,1.0000061068745643,False,0.0,1158519214.7815447,False,False,False,normal,False,False
2026-01-01 03:51:00,consumer_000,bursty_ml,231,49831487.0,49803141.0,0.9994311628709776,1.0022697939541356,False,0.0,1158519214.7815447,False,False,False,normal,False,False
2026-01-01 03:52:00,consumer_000,bursty_ml,232,49669852.0,49650279.0,0.9996059380245385,0.9999922484937757,False,0.0,1158519214.7815447,False,False,False,normal,False,False
2026-01-01 03:53:00,consumer_000,bursty_ml,233,118045636.0,109303350.0,0.9259414723302435,0.9979512500192649,False,8489662.878423043,1158519214.7815447,False,False,False,normal,False,False
2026-01-01 03:54:00,consumer_000,bursty_ml,234,183483937.0,125922342.0,0.6862853722176236,0.9867336224717452,False,57791725.073480815,1158519214.7815447,False,False,False,normal,False,False
2026-01-01 03:55:00,consumer_000,bursty_ml,235,76497874.0,142707469.0,1.8655089551900488,0.9999723790901911,False,0.0,1158519214.7815447,False,False,False,normal,False,False
2026-01-01 03:56:00,consumer_000,bursty_ml,236,49051737.0,49211069.0,1.0032482437879824,1.000019576805602,False,0.0,1158519214.7815447,False,False,False,normal,False,False
2026-01-01 03:57:00,consumer_000,bursty_ml,237,51200162.0,51227688.0,1.000537615486451,1.0000311154990238,False,0.0,1158519214.7815447,False,False,False,normal,False,False
2026-01-01 03:58:00,consumer_000,bursty_ml,238,49943873.0,49878363.0,0.9986883275952588,1.00001610599951,False,0.0,1158519214.7815447,False,False,False,normal,False,False
2026-01-01 03:59:00,consumer_000,bursty_ml,239,56211229.0,55905962.0,0.9945692879264391,1.0020767086783664,False,0.0,1158519214.7815447,False,False,False,normal,False,False
2026-01-01 04:00:00,consumer_000,bursty_ml,240,224422499.0,210867711.0,0.9396014746275506,0.9969302498119264,False,13347018.721204966,1158519214.7815447,False,False,False,normal,False,False
2026-01-01 04:01:00,consumer_000,bursty_ml,241,51029640.0,64982316.0,1.2734229753531476,1.0000191174046815,False,0.0,1158519214.7815447,False,False,False,normal,False,False
2026-01-01 04:02:00,consumer_000,bursty_ml,242,60161176.0,58690974.0,0.9755622795671415,0.9997271260111796,False,0.0,1158519214.7815447,False,False,False,normal,False,False
2026-01-01 04:03:00,consumer_000,bursty_ml,243,50121575.0,51581835.0,1.0291343598041363,1.000035889908037,False,0.0,1158519214.7815447,False,False,False,normal,False,False
2026-01-01 04:04:00,consumer_000,bursty_ml,244,52920559.0,52848028.0,0.9986294362461289,1.0037590825291334,False,0.0,1158519214.7815447,False,False,False,normal,False,False
2026-01-01 04:05:00,consumer_000,bursty_ml,245,105920131.0,105790154.0,0.9987728772729709,0.9999890158997812,False,0.0,1158519214.7815447,False,False,False,normal,False,False
2026-01-01 04:06:00,consumer_000,bursty_ml,246,52022586.0,52120322.0,1.00187872244567,1.0000023239074383,False,0.0,1158519214.7815447,False,False,False,normal,False,False
2026-01-01 04:07:00,consumer_000,bursty_ml,247,51925474.0,52035559.0,1.0021200576811298,1.0000402737888254,False,0.0,1158519214.7815447,False,False,False,normal,False,False
2026-01-01 04:08:00,consumer_000,bursty_ml,248,53145825.0,52992584.0,0.9971165938246325,0.9999871803088922,False,0.0,1158519214.7815447,False,False,False,normal,False,False
2026-01-01 04:09:00,consumer_000,bursty_ml,249,89632314.0,87839303.0,0.9799959309317843,0.9998734412742517,False,0.0,1158519214.7815447,False,False,False,normal,False,False
2026-01-01 04:10:00,consumer_000,bursty_ml,250,59888455.0,61815439.0,1.0321762182711176,1.0000266011059873,False,0.0,1158519214.7815447,False,False,False,normal,False,False
2026-01-01 04:11:00,consumer_000,bursty_ml,251,51876843.0,51825665.0,0.9990134711936884,1.000013163938418,False,0.0,1158519214.7815447,False,False,False,normal,False,False
2026-01-01 04:12:00,consumer_000,bursty_ml,252,50997320.0,51074236.0,1.0015082361190746,1.0004535661001277,False,0.0,1158519214.7815447,False,False,False,normal,False,False
2026-01-01 04:13:00,consumer_000,bursty_ml,253,51560210.0,51550520.0,0.9998120643806532,1.0000084944785093,False,0.0,1158519214.7815447,False,False,False,normal,False,False
2026-01-01 04:14:00,consumer_000,bursty_ml,254,59271404.0,58353752.0,0.9845177954617036,0.9998312167498635,False,0.0,1158519214.7815447,False,False,False,normal,False,False
2026-01-01 04:15:00,consumer_000,bursty_ml,255,83874748.0,84757593.0,1.0105257544261117,0.9999964729734071,False,0.0,1158519214.7815447,False,False,False,normal,False,False
2026-01-01 04:16:00,consumer_000,bursty_ml,256,52204965.0,52134472.0,0.9986496878218384,0.9999861309275084,False,0.0,1158519214.7815447,False,False,False,normal,False,False
2026-01-01 04:17:00,consumer_000,bursty_ml,257,49359412.0,49491669.0,1.0026794687100407,1.001342093056432,False,0.0,1158519214.7815447,False,False,False,normal,False,False
2026-01-01 04:18:00,consumer_000,bursty_ml,258,54780560.0,54793079.0,1.000228529974867,1.0000378486012882,False,0.0,1158519214.7815447,False,False,False,normal,False,False
2026-01-01 04:19:00,consumer_000,bursty_ml,259,49079856.0,49062456.0,0.9996454757324471,1.0026009702672918,False,0.0,1158519214.7815447,False,False,False,normal,False,False
2026-01-01 04:20:00,consumer_000,bursty_ml,260,94876464.0,94000874.0,0.9907712623016811,1.0043191964692626,False,0.0,1158519214.7815447,False,False,False,normal,False,False
2026-01-01 04:21:00,consumer_000,bursty_ml,261,50618295.0,51402949.0,1.0155013913447697,1.0018945096900407,False,0.0,1158519214.7815447,False,False,False,normal,False,False
2026-01-01 04:22:00,consumer_000,bursty_ml,262,49057041.0,49105598.0,1.000989806947386,1.0023261826062944,False,0.0,1158519214.7815447,False,False,False,normal,False,False
2026-01-01 04:23:00,consumer_000,bursty_ml,263,62781472.0,62765553.0,0.9997464379299676,1.0008881204118556,False,0.0,1158519214.7815447,False,False,False,normal,False,False
2026-01-01 04:24:00,consumer_000,bursty_ml,264,50446206.0,50334813.0,0.9977918458327669,1.0000212241330766,False,0.0,1158519214.7815447,False,False,False,normal,False,False
2026-01-01 04:25:00,consumer_000,bursty_ml,265,99050604.0,97556433.0,0.9849150743189814,1.0019221515790255,False,0.0,1158519214.7815447,False,False,False,normal,False,False
2026-01-01 04:26:00,consumer_000,bursty_ml,266,51555763.0,53221897.0,1.032317124275709,0.9999962080770789,False,0.0,1158519214.7815447,False,False,False,normal,False,False
2026-01-01 04:27:00,consumer_000,bursty_ml,267,49691801.0,49569739.0,0.9975436189161266,0.9999680137790669,False,0.0,1158519214.7815447,False,False,False,normal,False,False
2026-01-01 04:28:00,consumer_000,bursty_ml,268,51650956.0,51685359.0,1.0006660670520793,0.9999856426100694,False,0.0,1158519214.7815447,False,False,False,normal,False,False
2026-01-01 04:29:00,consumer_000,bursty_ml,269,96042801.0,87554919.0,0.9116239644031207,0.9979350466346132,False,5918545.212644004,1158519214.7815447,False,False,False,normal,False,False
2026-01-01 04:30:00,consumer_000,bursty_ml,270,55681432.0,64187094.0,1.1527558055618972,1.0000281612751192,False,0.0,1158519214.7815447,False,False,False,normal,False,False
2026-01-01 04:31:00,consumer_000,bursty_ml,271,51304558.0,51314749.0,1.0001986373218537,1.0019530240481564,False,0.0,1158519214.7815447,False,False,False,normal,False,False
2026-01-01 04:32:00,consumer_000,bursty_ml,272,50119714.0,50098488.0,0.9995764939919649,0.9999863947891653,False,0.0,1158519214.7815447,False,False,False,normal,False,False
2026-01-01 04:33:00,consumer_000,bursty_ml,273,49262242.0,49272021.0,1.0001985090325365,1.0000062034712625,False,0.0,1158519214.7815447,False,False,False,normal,False,False
2026-01-01 04:34:00,consumer_000,bursty_ml,274,107103862.0,98491330.0,0.9195871013502762,0.9979059492947672,False,6830021.149611998,1158519214.7815447,False,False,False,normal,False,False
2026-01-01 04:35:00,consumer_000,bursty_ml,275,183081613.0,118975516.0,0.6498496165204749,0.9824352584794892,False,58511918.29001144,1159347252.088376,True,True,False,true_loss,True,False
2026-01-01 04:36:00,consumer_000,bursty_ml,276,455067351.0,394676612.0,0.8672927449809512,0.9706907123935425,False,118480018.81388953,1169911287.177379,True,True,False,true_loss,True,True
2026-01-01 04:37:00,consumer_000,bursty_ml,277,440017098.0,424502422.0,0.9647407428699509,0.9698611055509573,False,115719088.01414977,1181291261.2629087,True,True,False,true_loss,True,True
2026-01-01 04:38:00,consumer_000,bursty_ml,278,757621542.0,523060709.0,0.6903984113482349,0.9320102072996571,False,241539544.62080288,1199733474.9412193,True,True,False,true_loss,True,True
2026-01-01 04:39:00,consumer_000,bursty_ml,279,599552646.0,622236547.0,1.0378347108487285,0.9422969296531648,False,227175752.68524498,1216204337.8154502,True,True,False,true_loss,True,True
2026-01-01 04:40:00,consumer_000,bursty_ml,280,715698536.0,870573820.0,1.2163973743268912,0.9697971488535907,False,124936111.03364679,1238176749.1495433,True,True,False,true_loss,True,True
2026-01-01 04:41:00,consumer_000,bursty_ml,281,421410546.0,431334733.0,1.0235499255872917,0.9727506057013001,False,104770376.6988957,1249337439.8660207,True,True,False,true_loss,True,True
2026-01-01 04:42:00,consumer_000,bursty_ml,282,444200630.0,431268216.0,0.9708860971223746,0.9724615657569781,False,102559910.28288138,1260826215.3607538,True,True,False,true_loss,True,True
2026-01-01 04:43:00,consumer_000,bursty_ml,283,990059150.0,699010440.0,0.7060289680672109,0.9413131467691144,False,216714465.58272892,1286610629.089946,True,True,False,true_loss,True,True
2026-01-01 04:44:00,consumer_000,bursty_ml,284,823157182.0,775408576.0,0.9419933312323332,0.9413188194445863,True,312863883.9320761,1307653461.8053586,True,True,False,true_loss,True,True
2026-01-01 04:45:00,consumer_000,bursty_ml,285,540697637.0,785922214.0,1.4535336576660496,0.9687795790025503,True,58868141.13831325,1327337359.7876756,True,True,False,true_loss,True,True
2026-01-01 04:46:00,consumer_000,bursty_ml,286,49865741.0,181730344.0,3.644392730472009,0.9824018177808821,True,0.0,1328686440.7045019,True,False,False,true_loss,True,False
2026-01-01 04:47:00,consumer_000,bursty_ml,287,52139897.0,51665914.0,0.9909093989963195,0.9823548123169664,True,0.0,1329227219.234026,True,False,False,true_loss,True,False
2026-01-01 04:48:00,consumer_000,bursty_ml,288,52830542.0,52247643.0,0.98896662843247,0.9822919356127766,True,0.0,1329775068.1939762,True,False,False,true_loss,True,False
2026-01-01 04:49:00,consumer_000,bursty_ml,289,186771220.0,110718891.0,0.592804881822799,0.975521583769115,True,64390994.96032043,1332245461.894228,True,False,False,true_loss,True,True
2026-01-01 04:50:00,consumer_000,bursty_ml,290,88623660.0,158091025.0,1.7838467176823887,0.9818552511499659,True,0.0,1334378424.3535209,True,False,False,true_loss,True,False
2026-01-01 04:51:00,consumer_000,bursty_ml,291,62490639.0,59975155.0,0.9597462269508878,0.9816253885857288,True,1900462.412216789,1335026377.3670623,True,False,False,true_loss,True,False
2026-01-01 04:52:00,consumer_000,bursty_ml,292,96040629.0,89174732.0,0.9285104952821581,0.981017893114509,True,9333522.986651434,1336195209.1486177,True,False,False,true_loss,True,False
2026-01-01 04:53:00,consumer_000,bursty_ml,293,127091498.0,127651648.0,1.004407454541137,0.9819771792805441,True,6796349.969335861,1338018462.8551993,True,False,False,true_loss,True,False
2026-01-01 04:54:00,consumer_000,bursty_ml,294,49947056.0,56485269.0,1.1309028704314426,0.9883094119491681,True,0.0,1338606816.5870116,True,False,False,true_loss,True,False
2026-01-01 04:55:00,consumer_000,bursty_ml,295,90772770.0,88801129.0,0.9782793782761063,0.9813385735606504,True,0.0,1339673203.267434,True,False,False,true_loss,True,False
2026-01-01 04:56:00,consumer_000,bursty_ml,296,52940976.0,53253238.0,1.0058983045571355,0.9813616768995698,True,0.0,1340222196.971539,True,False,False,true_loss,True,False
2026-01-01 04:57:00,consumer_000,bursty_ml,297,49786492.0,49233147.0,0.9888856399040928,0.9812994583438646,True,0.0,1340738449.8514605,True,False,False,true_loss,True,False
2026-01-01 04:58:00,consumer_000,bursty_ml,298,53316985.0,52788882.0,0.9900950325679518,0.9812585364087758,True,0.0,1341291294.781642,True,False,False,true_loss,True,False
2026-01-01 04:59:00,consumer_000,bursty_ml,299,62083703.0,60196512.0,0.9696024736153384,0.9811078649208587,True,0.0,1341935080.0016131,True,False,False,true_loss,True,False
2026-01-01 05:00:00,consumer_000,bursty_ml,300,83795749.0,84007995.0,1.002532896985025,0.9822618122330261,True,0.0,1342957161.0894246,True,False,False,true_loss,True,False
2026-01-01 05:01:00,consumer_000,bursty_ml,301,53502450.0,53002304.0,0.9906519047258584,0.9807656403642274,True,0.0,1343512018.8366618,True,False,False,true_loss,True,False
2026-01-01 05:02:00,consumer_000,bursty_ml,302,53726058.0,53178239.0,0.9898034767412118,0.9808486202111272,True,0.0,1344069089.0828838,True,False,False,true_loss,True,False
2026-01-01 05:03:00,consumer_000,bursty_ml,303,70370561.0,69618842.0,0.9893177063061924,0.9806594752454828,True,0.0,1344868667.2613513,True,False,False,true_loss,True,False
2026-01-01 05:04:00,consumer_000,bursty_ml,304,56879521.0,55921931.0,0.9831645909957646,0.980575679277563,True,0.0,1345458483.804979,True,False,False,true_loss,True,False
2026-01-01 05:05:00,consumer_000,bursty_ml,305,89143031.0,88302618.0,0.9905723084511228,0.9804680828709451,True,0.0,1346507469.971816,True,False,False,true_loss,True,False
2026-01-01 05:06:00,consumer_000,bursty_ml,306,52814051.0,52202784.0,0.9884260535136757,0.9803960812251654,True,0.0,1347054962.185095,True,False,False,true_loss,True,False
2026-01-01 05:07:00,consumer_000,bursty_ml,307,54006093.0,53459743.0,0.9898835488803087,0.9803321804591726,True,0.0,1347614960.3897333,True,False,False,true_loss,True,False
2026-01-01 05:08:00,consumer_000,bursty_ml,308,53646366.0,53200620.0,0.9916910308519313,0.9803028433726465,True,0.0,1348171293.0567846,True,False,False,true_loss,True,False
2026-01-01 05:09:00,consumer_000,bursty_ml,309,53265761.0,52771444.0,0.9907197984085875,0.980363516720822,True,0.0,1348723775.6015992,True,False,False,true_loss,True,False
2026-01-01 05:10:00,consumer_000,bursty_ml,310,92753531.0,91365019.0,0.985030090121313,0.9800862842676249,True,0.0,1349817378.4440248,True,False,False,true_loss,True,False
2026-01-01 05:11:00,consumer_000,bursty_ml,311,49844456.0,49524601.0,0.9935829372879503,0.9800541794784535,True,0.0,1350334230.1707711,True,False,False,true_loss,True,False
2026-01-01 05:12:00,consumer_000,bursty_ml,312,55036277.0,54585600.0,0.9918112738621473,0.9800077751378868,True,0.0,1350905084.1552186,True,False,False,true_loss,True,False
2026-01-01 05:13:00,consumer_000,bursty_ml,313,54165017.0,53592594.0,0.9894318689127338,0.9799547805773234,True,0.0,1351466749.7095094,True,False,False,true_loss,True,True
2026-01-01 05:14:00,consumer_000,bursty_ml,314,75183182.0,65884331.0,0.8763174056666024,0.9791194828629175,True,6900359.773455129,1352246321.896205,True,False,False,true_loss,True,True
2026-01-01 05:15:00,consumer_000,bursty_ml,315,114865884.0,118256249.0,1.0295158569449567,0.9794452758183967,True,3286405.9706313573,1353729523.457317,True,False,False,true_loss,True,True
2026-01-01 05:16:00,consumer_000,bursty_ml,316,90846995.0,93337002.0,1.0274087987170077,0.9797903615371232,True,0.0,1354867118.1214921,True,False,False,true_loss,True,True
2026-01-01 05:17:00,consumer_000,bursty_ml,317,48606054.0,48112416.0,0.9898441046047474,0.9797244082465331,True,0.0,1355406857.1592703,True,False,False,true_loss,True,True
2026-01-01 05:18:00,consumer_000,bursty_ml,318,54634486.0,53995875.0,0.9883112106152148,0.9796571195261571,True,0.0,1355937650.5086913,True,False,False,true_loss,True,True
2026-01-01 05:19:00,consumer_000,bursty_ml,319,65623080.0,64882536.0,0.988715189838697,0.9796174154557271,True,0.0,1356627586.960273,True,False,False,true_loss,True,True
2026-01-01 05:20:00,consumer_000,bursty_ml,320,99029676.0,97831109.0,0.987896890624988,0.9795929503356707,True,0.0,1357867701.5478272,True,False,False,true_loss,True,True
2026-01-01 05:21:00,consumer_000,bursty_ml,321,54174156.0,53584368.0,0.9891131114253077,0.9794593549359373,True,0.0,1358429469.5702145,True,False,False,true_loss,True,False
2026-01-01 05:22:00,consumer_000,bursty_ml,322,107023263.0,102391120.0,0.9567183538405104,0.9791033338651872,True,0.0,1359831035.60859,True,False,False,true_loss,True,False
2026-01-01 05:23:00,consumer_000,bursty_ml,323,55462772.0,58143694.0,1.0483373243587608,0.9793630332489215,True,0.0,1360406214.3780563,True,False,False,true_loss,True,False
2026-01-01 05:24:00,consumer_000,bursty_ml,324,82921684.0,75712448.0,0.9130597010065545,0.978709022749902,True,6132312.721742155,1361300166.1334093,True,False,False,true_loss,True,False
2026-01-01 05:25:00,consumer_000,bursty_ml,325,54726637.0,60482645.0,1.1051774476842053,0.9793536113909549,True,0.0,1361936017.867843,True,False,False,true_loss,True,False
2026-01-01 05:26:00,consumer_000,bursty_ml,326,51210124.0,50682678.0,0.9897003569059899,0.979128667026879,True,0.0,1362467127.7841914,True,False,False,true_loss,True,False
2026-01-01 05:27:00,consumer_000,bursty_ml,327,51779592.0,51257964.0,0.9899259924643671,0.9790922874663166,True,0.0,1363004107.2543194,True,False,False,true_loss,True,False
2026-01-01 05:28:00,consumer_000,bursty_ml,328,99678994.0,94073486.0,0.9437644003509907,0.9786208625876036,True,4303408.761710383,1364173215.1296268,True,False,False,true_loss,True,False
2026-01-01 05:29:00,consumer_000,bursty_ml,329,100258315.0,102669140.0,1.0240461352257915,0.9797378735109369,True,0.0,1365388573.8534532,True,False,False,true_loss,True,False
2026-01-01 05:30:00,consumer_000,bursty_ml,330,53006384.0,53063468.0,1.0010769268848825,0.9788733337280006,True,0.0,1365938227.7645004,True,False,False,true_loss,True,False
2026-01-01 05:31:00,consumer_000,bursty_ml,331,54990680.0,54533602.0,0.991688082416875,0.9788337560762108,True,0.0,1366508492.9413447,True,False,False,true_loss,True,True
2026-01-01 05:32:00,consumer_000,bursty_ml,332,48164505.0,47681869.0,0.9899794257202478,0.9787826422886257,True,0.0,1367007997.4130154,True,False,False,true_loss,True,True
2026-01-01 05:33:00,consumer_000,bursty_ml,333,50900935.0,50355869.0,0.9892916308904738,0.978729780446106,True,0.0,1367535921.380692,True,False,False,true_loss,True,True
2026-01-01 05:34:00,consumer_000,bursty_ml,334,54286675.0,53722778.0,0.9896126075137223,0.9794374743850747,True,0.0,1368098871.778572,True,False,False,true_loss,True,False
2026-01-01 05:35:00,consumer_000,bursty_ml,335,93177331.0,92005359.0,0.9874221338235155,0.9857377480997254,True,0.0,1369230645.145081,True,False,False,true_loss,True,False
2026-01-01 05:36:00,consumer_000,bursty_ml,336,54052262.0,53542956.0,0.9905775266167399,0.9915649650419953,False,0.0,1369791180.2247703,True,False,False,true_loss,True,False
2026-01-01 05:37:00,consumer_000,bursty_ml,337,52284157.0,51798710.0,0.9907152179961513,0.9928851370440376,False,0.0,1370333385.2065635,True,False,False,true_loss,True,False
2026-01-01 05:38:00,consumer_000,bursty_ml,338,54915500.0,54366166.0,0.9899967404466863,1.0207990096689605,False,0.0,1370902825.38886,True,False,False,true_loss,True,False
2026-01-01 05:39:00,consumer_000,bursty_ml,339,91118398.0,90038872.0,0.9881524914430563,1.0190852820787795,False,0.0,1371990574.723034,True,False,False,true_loss,True,False
2026-01-01 05:40:00,consumer_000,bursty_ml,340,67197384.0,66432300.0,0.98861437820258,0.998756412492329,False,0.0,1372736342.2047002,True,False,False,true_loss,True,False
2026-01-01 05:41:00,consumer_000,bursty_ml,341,50661054.0,50062191.0,0.9881790260423717,0.9971112339405662,False,0.0,1373261798.9147258,True,False,False,true_loss,True,False
2026-01-01 05:42:00,consumer_000,bursty_ml,342,51649863.0,51259740.0,0.9924467757058717,0.998926687990768,False,0.0,1373797422.9897099,True,False,False,true_loss,True,False
2026-01-01 05:43:00,consumer_000,bursty_ml,343,51731174.0,50931653.0,0.9845446963952529,1.053034451177708,False,0.0,1374333807.7065063,True,False,False,true_loss,True,False
2026-01-01 05:44:00,consumer_000,bursty_ml,344,50006418.0,49673440.0,0.9933412947114109,1.0723715633526618,False,0.0,1374852412.1828775,True,False,False,true_loss,True,False
2026-01-01 05:45:00,consumer_000,bursty_ml,345,95253757.0,88732340.0,0.9315363802395742,1.0191840932415055,False,2073196.4364905572,1375991767.5708506,True,False,False,true_loss,True,False
2026-01-01 05:46:00,consumer_000,bursty_ml,346,55550225.0,60337056.0,1.0861712261291472,0.9884087932558457,False,0.0,1376589260.3311286,True,False,False,true_loss,True,False
2026-01-01 05:47:00,consumer_000,bursty_ml,347,63952129.0,61722332.0,0.965133342159727,0.9880181866455422,False,0.0,1377282063.8559754,True,False,False,true_loss,True,False
2026-01-01 05:48:00,consumer_000,bursty_ml,348,52094735.0,53094420.0,1.0191897511332,0.9883979721470485,False,0.0,1377822356.1019976,True,False,False,true_loss,True,False
2026-01-01 05:49:00,consumer_000,bursty_ml,349,93770707.0,92118462.0,0.9823799451570734,1.006498224258716,False,0.0,1378953792.8035486,True,False,False,true_loss,True,False
2026-01-01 05:50:00,consumer_000,bursty_ml,350,101179799.0,95609806.0,0.9449495546042743,0.9880114494664841,False,0.0,1380225755.593667,True,False,True,true_loss,True,False
2026-01-01 05:51:00,consumer_000,bursty_ml,351,54121941.0,58475107.0,1.0804325550704104,0.9896805710847777,False,0.0,1380694123.0996127,True,False,True,true_loss,True,False
2026-01-01 05:52:00,consumer_000,bursty_ml,352,64909612.0,62926728.0,0.9694516121895783,0.9908142402224129,False,0.0,1380694123.0996127,False,False,False,normal,False,False
2026-01-01 05:53:00,consumer_000,bursty_ml,353,53762139.0,55743652.0,1.0368570342783423,0.991003524072421,False,0.0,1380694123.0996127,False,False,False,normal,False,False
2026-01-01 05:54:00,consumer_000,bursty_ml,354,94533087.0,92196350.0,0.9752812790298491,0.9888824917725595,False,0.0,1380694123.0996127,False,False,False,normal,False,False
2026-01-01 05:55:00,consumer_000,bursty_ml,355,64156242.0,58892733.0,0.9179579595700135,0.9879784345235733,False,4809691.377573777,1380694123.0996127,False,False,False,normal,False,False
2026-01-01 05:56:00,consumer_000,bursty_ml,356,128005260.0,127160199.0,0.9933982322288943,0.9879153884225068,False,8372685.312728185,1380694123.0996127,False,False,False,normal,False,False
2026-01-01 05:57:00,consumer_000,bursty_ml,357,99537144.0,107836199.0,1.0833764629614047,0.9902248980319698,False,0.0,1380694123.0996127,False,False,False,normal,False,False
2026-01-01 05:58:00,consumer_000,bursty_ml,358,51440161.0,51492229.0,1.001012205230073,0.9903622142634629,False,0.0,1380694123.0996127,False,False,False,normal,False,False
2026-01-01 05:59:00,consumer_000,bursty_ml,359,129139486.0,120551486.0,0.9334982640398615,0.9889062791179106,False,8641113.998861782,1380694123.0996127,False,False,False,normal,False,False
2026-01-01 00:00:00,consumer_001,steady,0,,,,,False,0.0,0.0,False,False,False,normal,False,False
2026-01-01 00:01:00,consumer_001,steady,1,37244682.0,37136094.0,0.9970844696700593,,False,0.0,0.0,False,False,False,normal,False,False
2026-01-01 00:02:00,consumer_001,steady,2,37680842.0,37509677.0,0.9954575059654983,,False,0.0,0.0,False,False,False,normal,False,False
2026-01-01 00:03:00,consumer_001,steady,3,37947452.0,37740169.0,0.9945376306161479,,False,0.0,0.0,False,False,False,normal,False,False
2026-01-01 00:04:00,consumer_001,steady,4,37391100.0,37268699.0,0.9967264669934824,,False,0.0,0.0,False,False,False,normal,False,False
2026-01-01 00:05:00,consumer_001,steady,5,39548585.0,39390044.0,0.9959912345789362,,False,0.0,0.0,False,False,False,normal,False,False
2026-01-01 00:06:00,consumer_001,steady,6,39719118.0,39430178.0,0.9927254175180829,,False,0.0,0.0,False,False,False,normal,False,False
2026-01-01 00:07:00,consumer_001,steady,7,38892461.0,38873620.0,0.9995155616405966,,False,0.0,0.0,False,False,False,normal,False,False
2026-01-01 00:08:00,consumer_001,steady,8,39287661.0,39057321.0,0.9941370905231544,,False,0.0,0.0,False,False,False,normal,False,False
2026-01-01 00:09:00,consumer_001,steady,9,40534827.0,40294239.0,0.9940646595087232,,False,0.0,0.0,False,False,False,normal,False,False
2026-01-01 00:10:00,consumer_001,steady,10,40196238.0,40070525.0,0.9968725182689983,,False,0.0,0.0,False,False,False,normal,False,False
2026-01-01 00:11:00,consumer_001,steady,11,40017122.0,39834439.0,0.9954348791000013,,False,0.0,0.0,False,False,False,normal,False,False
2026-01-01 00:12:00,consumer_001,steady,12,39896323.0,39796591.0,0.9975002207596926,,False,0.0,0.0,False,False,False,normal,False,False
2026-01-01 00:13:00,consumer_001,steady,13,40542793.0,40371050.0,0.9957639080267607,,False,0.0,0.0,False,False,False,normal,False,False
2026-01-01 00:14:00,consumer_001,steady,14,38367666.0,38249042.0,0.9969082299663472,,False,0.0,0.0,False,False,False,normal,False,False
2026-01-01 00:15:00,consumer_001,steady,15,40371246.0,40227326.0,0.9964350864969588,,False,0.0,0.0,False,False,False,normal,False,False
2026-01-01 00:16:00,consumer_001,steady,16,41812631.0,41546292.0,0.993630178402311,,False,0.0,0.0,False,False,False,normal,False,False
2026-01-01 00:17:00,consumer_001,steady,17,38535275.0,38446926.0,0.9977073214087612,,False,0.0,0.0,False,False,False,normal,False,False
2026-01-01 00:18:00,consumer_001,steady,18,38048862.0,37852818.0,0.9948475725765464,,False,0.0,0.0,False,False,False,normal,False,False
2026-01-01 00:19:00,consumer_001,steady,19,41786303.0,41617562.0,0.9959618107397537,,False,0.0,0.0,False,False,False,normal,False,False
2026-01-01 00:20:00,consumer_001,steady,20,40436663.0,40231078.0,0.9949158762185693,,False,0.0,0.0,False,False,False,normal,False,False
2026-01-01 00:21:00,consumer_001,steady,21,38513151.0,38402527.0,0.9971276305073039,,False,0.0,0.0,False,False,False,normal,False,False
2026-01-01 00:22:00,consumer_001,steady,22,39449547.0,39303051.0,0.9962864972822122,,False,0.0,0.0,False,False,False,normal,False,False
2026-01-01 00:23:00,consumer_001,steady,23,38534799.0,38274967.0,0.9932572114882446,,False,0.0,0.0,False,False,False,normal,False,False
2026-01-01 00:24:00,consumer_001,steady,24,40352247.0,40275910.0,0.9981082342205132,,False,0.0,0.0,False,False,False,normal,False,False
2026-01-01 00:25:00,consumer_001,steady,25,39150661.0,38958145.0,0.9950826883867938,,False,0.0,0.0,False,False,False,normal,False,False
2026-01-01 00:26:00,consumer_001,steady,26,38523813.0,38392787.0,0.9965988309620338,,False,0.0,0.0,False,False,False,normal,False,False
2026-01-01 00:27:00,consumer_001,steady,27,40261906.0,40041593.0,0.9945280037164659,,False,0.0,0.0,False,False,False,normal,False,False
2026-01-01 00:28:00,consumer_001,steady,28,40551093.0,40387035.0,0.9959542890742797,,False,0.0,0.0,False,False,False,normal,False,False
2026-01-01 00:29:00,consumer_001,steady,29,40361306.0,40166321.0,0.9951690116271262,,False,0.0,0.0,False,False,False,normal,False,False
2026-01-01 00:30:00,consumer_001,steady,30,39249616.0,39059442.0,0.9951547551446108,,False,0.0,0.0,False,False,False,normal,False,False
2026-01-01 00:31:00,consumer_001,steady,31,38708057.0,38609353.0,0.9974500399232129,,False,0.0,0.0,False,False,False,normal,False,False
2026-01-01 00:32:00,consumer_001,steady,32,39654780.0,39423365.0,0.9941642596428476,,False,0.0,0.0,False,False,False,normal,False,False
2026-01-01 00:33:00,consumer_001,steady,33,38769539.0,38668789.0,0.9974013103431537,,False,0.0,0.0,False,False,False,normal,False,False
2026-01-01 00:34:00,consumer_001,steady,34,38764901.0,38544669.0,0.9943187782164077,,False,0.0,0.0,False,False,False,normal,False,False
2026-01-01 00:35:00,consumer_001,steady,35,40053641.0,39876120.0,0.9955679185320505,,False,0.0,0.0,False,False,False,normal,False,False
2026-01-01 00:36:00,consumer_001,steady,36,40754058.0,40610946.0,0.9964883987749147,,False,0.0,0.0,False,False,False,normal,False,False
2026-01-01 00:37:00,consumer_001,steady,37,39724924.0,39596841.0,0.9967757521700985,,False,0.0,0.0,False,False,False,normal,False,False
2026-01-01 00:38:00,consumer_001,steady,38,40045247.0,39847750.0,0.9950681537811467,,False,0.0,0.0,False,False,False,normal,False,False
2026-01-01 00:39:00,consumer_001,steady,39,42295880.0,42042973.0,0.9940205287134349,,False,0.0,0.0,False,False,False,normal,False,False
2026-01-01 00:40:00,consumer_001,steady,40,40271704.0,40117682.0,0.9961754287824524,,False,0.0,0.0,False,False,False,normal,False,False
2026-01-01 00:41:00,consumer_001,steady,41,38968690.0,38823371.0,0.9962708779792186,,False,0.0,0.0,False,False,False,normal,False,False
2026-01-01 00:42:00,consumer_001,steady,42,38584223.0,38472917.0,0.9971152457832312,,False,0.0,0.0,False,False,False,normal,False,False
2026-01-01 00:43:00,consumer_001,steady,43,39975925.0,39716712.0,0.9935157723054564,,False,0.0,0.0,False,False,False,normal,False,False
2026-01-01 00:44:00,consumer_001,steady,44,41791668.0,41706733.0,0.9979676570937537,,False,0.0,0.0,False,False,False,normal,False,False
2026-01-01 00:45:00,consumer_001,steady,45,40822683.0,40656928.0,0.9959396348348785,,False,0.0,0.0,False,False,False,normal,False,False
2026-01-01 00:46:00,consumer_001,steady,46,39681570.0,39504502.0,0.9955377773611276,,False,0.0,0.0,False,False,False,normal,False,False
2026-01-01 00:47:00,consumer_001,steady,47,41167246.0,40993130.0,0.9957705210593878,,False,0.0,0.0,False,False,False,normal,False,False
2026-01-01 00:48:00,consumer_001,steady,48,40755718.0,40508822.0,0.9939420524992346,,False,0.0,0.0,False,False,False,normal,False,False
2026-01-01 00:49:00,consumer_001,steady,49,42764278.0,42606407.0,0.9963083440810108,,False,0.0,0.0,False,False,False,normal,False,False
2026-01-01 00:50:00,consumer_001,steady,50,41284997.0,41082467.0,0.9950943438363336,,False,0.0,0.0,False,False,False,normal,False,False
2026-01-01 00:51:00,consumer_001,steady,51,38881221.0,38700221.0,0.9953447963992694,,False,0.0,0.0,False,False,False,normal,False,False
2026-01-01 00:52:00,consumer_001,steady,52,40166459.0,40077136.0,0.9977761793739398,,False,0.0,0.0,False,False,False,normal,False,False
2026-01-01 00:53:00,consumer_001,steady,53,40416870.0,40273562.0,0.9964542528899443,,False,0.0,0.0,False,False,False,normal,False,False
2026-01-01 00:54:00,consumer_001,steady,54,40977020.0,40751909.0,0.9945064087139572,,False,0.0,0.0,False,False,False,normal,False,False
2026-01-01 00:55:00,consumer_001,steady,55,41003357.0,40864493.0,0.9966133504629877,,False,0.0,0.0,False,False,False,normal,False,False
2026-01-01 00:56:00,consumer_001,steady,56,40283018.0,40081974.0,0.9950092120704561,,False,0.0,0.0,False,False,False,normal,False,False
2026-01-01 00:57:00,consumer_001,steady,57,42760863.0,42633001.0,0.9970098358398426,,False,0.0,0.0,False,False,False,normal,False,False
2026-01-01 00:58:00,consumer_001,steady,58,41611496.0,41363619.0,0.99404306444546,,False,0.0,0.0,False,False,False,normal,False,False
2026-01-01 00:59:00,consumer_001,steady,59,42667570.0,42562309.0,0.9975329975435676,,False,0.0,0.0,False,False,False,normal,False,False
2026-01-01 01:00:00,consumer_001,steady,60,41876751.0,41692771.0,0.9956066314695713,0.9958004570996849,False,0.0,0.0,False,False,False,normal,False,False
2026-01-01 01:01:00,consumer_001,steady,61,41835209.0,41656828.0,0.9957361035294457,0.9957794379647352,False,0.0,0.0,False,False,False,normal,False,False
2026-01-01 01:02:00,consumer_001,steady,62,42048207.0,41850613.0,0.9953007746560989,0.9957761167714768,False,0.0,0.0,False,False,False,normal,False,False
2026-01-01 01:03:00,consumer_001,steady,63,40631980.0,40469461.0,0.9960002195315119,0.9957993928658223,False,0.0,0.0,False,False,False,normal,False,False
2026-01-01 01:04:00,consumer_001,steady,64,41537103.0,41212679.0,0.9921895371470658,0.9957229344298155,False,0.0,0.0,False,False,False,normal,False,False
2026-01-01 01:05:00,consumer_001,steady,65,39335300.0,39311940.0,0.9994061313883459,0.9957785491777075,False,0.0,0.0,False,False,False,normal,False,False
2026-01-01 01:06:00,consumer_001,steady,66,41096801.0,40884079.0,0.9948238793574224,0.9958125085895344,False,0.0,0.0,False,False,False,normal,False,False
2026-01-01 01:07:00,consumer_001,steady,67,41812570.0,41634395.0,0.9957387216332313,0.9957516848474859,False,0.0,0.0,False,False,False,normal,False,False
2026-01-01 01:08:00,consumer_001,steady,68,42948393.0,42800648.0,0.9965599411367965,0.9957922041978937,False,0.0,0.0,False,False,False,normal,False,False
2026-01-01 01:09:00,consumer_001,steady,69,41725252.0,41475821.0,0.9940220612687971,0.9957906221594959,False,0.0,0.0,False,False,False,normal,False,False
2026-01-01 01:10:00,consumer_001,steady,70,41408710.0,41311934.0,0.9976629071516596,0.9958046617433761,False,0.0,0.0,False,False,False,normal,False,False
2026-01-01 01:11:00,consumer_001,steady,71,42395595.0,42217080.0,0.995789303110382,0.995810490530949,False,0.0,0.0,False,False,False,normal,False,False
2026-01-01 01:12:00,consumer_001,steady,72,38669221.0,38447815.0,0.9942743609963076,0.995758212481937,False,0.0,0.0,False,False,False,normal,False,False
2026-01-01 01:13:00,consumer_001,steady,73,40218015.0,40103165.0,0.9971443145565488,0.9957811011338314,False,0.0,0.0,False,False,False,normal,False,False
2026-01-01 01:14:00,consumer_001,steady,74,43693959.0,43496923.0,0.9954905436698926,0.9957580875688934,False,0.0,0.0,False,False,False,normal,False,False
2026-01-01 01:15:00,consumer_001,steady,75,41472358.0,41264515.0,0.9949883968497765,0.9957337228151264,False,0.0,0.0,False,False,False,normal,False,False
2026-01-01 01:16:00,consumer_001,steady,76,40284589.0,40131060.0,0.9961888899995976,0.9957774575958304,False,0.0,0.0,False,False,False,normal,False,False
2026-01-01 01:17:00,consumer_001,steady,77,39401850.0,39185685.0,0.994513836279261,0.9957263898688161,False,0.0,0.0,False,False,False,normal,False,False
2026-01-01 01:18:00,consumer_001,steady,78,40192673.0,40016121.0,0.9956073585849838,0.9957381652634184,False,0.0,0.0,False,False,False,normal,False,False
2026-01-01 01:19:00,consumer_001,steady,79,45734523.0,45595752.0,0.9969657276189368,0.9957573653787237,False,0.0,0.0,False,False,False,normal,False,False
2026-01-01 01:20:00,consumer_001,steady,80,40478610.0,40319652.0,0.9960730370929239,0.995776568570835,False,0.0,0.0,False,False,False,normal,False,False
2026-01-01 01:21:00,consumer_001,steady,81,42690623.0,42408114.0,0.993382410933661,0.9957133943818314,False,0.0,0.0,False,False,False,normal,False,False
2026-01-01 01:22:00,consumer_001,steady,82,42102881.0,41964550.0,0.996714452866064,0.9957213883768402,False,0.0,0.0,False,False,False,normal,False,False
2026-01-01 01:23:00,consumer_001,steady,83,42880728.0,42776343.0,0.997565689649672,0.9957924683848267,False,0.0,0.0,False,False,False,normal,False,False
2026-01-01 01:24:00,consumer_001,steady,84,41575330.0,41326460.0,0.9940139982051857,0.9957241403436068,False,0.0,0.0,False,False,False,normal,False,False
2026-01-01 01:25:00,consumer_001,steady,85,41244927.0,41010262.0,0.9943104518041698,0.9957106018945114,False,0.0,0.0,False,False,False,normal,False,False
2026-01-01 01:26:00,consumer_001,steady,86,42844362.0,42695736.0,0.9965310254824193,0.9957109815732136,False,0.0,0.0,False,False,False,normal,False,False
2026-01-01 01:27:00,consumer_001,steady,87,40985610.0,40808677.0,0.9956830458299877,0.9957299014054892,False,0.0,0.0,False,False,False,normal,False,False
2026-01-01 01:28:00,consumer_001,steady,88,42434395.0,42269629.0,0.996117159205404,0.9957328841448916,False,0.0,0.0,False,False,False,normal,False,False
2026-01-01 01:29:00,consumer_001,steady,89,42580677.0,42341265.0,0.9943774496586797,0.9957186798514892,False,0.0,0.0,False,False,False,normal,False,False
2026-01-01 01:30:00,consumer_001,steady,90,41999725.0,41933454.0,0.998422108716188,0.9957737493180756,False,0.0,0.0,False,False,False,normal,False,False
2026-01-01 01:31:00,consumer_001,steady,91,46833864.0,46539093.0,0.9937060286121171,0.9957083230292431,False,0.0,0.0,False,False,False,normal,False,False
2026-01-01 01:32:00,consumer_001,steady,92,43145743.0,42960454.0,0.9957055091159283,0.9957330095610689,False,0.0,0.0,False,False,False,normal,False,False
2026-01-01 01:33:00,consumer_001,steady,93,42847598.0,42802852.0,0.9989556940858155,0.9957626150597861,False,0.0,0.0,False,False,False,normal,False,False
2026-01-01 01:34:00,consumer_001,steady,94,43374251.0,43172359.0,0.9953453490182459,0.9957778609726932,False,0.0,0.0,False,False,False,normal,False,False
2026-01-01 01:35:00,consumer_001,steady,95,42606382.0,42451408.0,0.9963626575943482,0.9957912628097277,False,0.0,0.0,False,False,False,normal,False,False
2026-01-01 01:36:00,consumer_001,steady,96,44929203.0,44709852.0,0.9951178524132734,0.9957677091469538,False,0.0,0.0,False,False,False,normal,False,False
2026-01-01 01:37:00,consumer_001,steady,97,42764651.0,42473529.0,0.993192461689913,0.9957074906016274,False,0.0,0.0,False,False,False,normal,False,False
2026-01-01 01:38:00,consumer_001,steady,98,42081699.0,41985524.0,0.9977145647089962,0.995751589152029,False,0.0,0.0,False,False,False,normal,False,False
2026-01-01 01:39:00,consumer_001,steady,99,44660505.0,44513319.0,0.9967043364153629,0.9957979289535802,False,0.0,0.0,False,False,False,normal,False,False
2026-01-01 01:40:00,consumer_001,steady,100,43876471.0,43685985.0,0.9956585843013673,0.9957894085586257,False,0.0,0.0,False,False,False,normal,False,False
2026-01-01 01:41:00,consumer_001,steady,101,45129801.0,44909001.0,0.9951074457430025,0.9957696560031728,False,0.0,0.0,False,False,False,normal,False,False
2026-01-01 01:42:00,consumer_001,steady,102,47203663.0,46996595.0,0.9956133065351306,0.9957460929658529,False,0.0,0.0,False,False,False,normal,False,False
2026-01-01 01:43:00,consumer_001,steady,103,41958365.0,41783164.0,0.995824408315243,0.995782798143442,False,0.0,0.0,False,False,False,normal,False,False
2026-01-01 01:44:00,consumer_001,steady,104,42980264.0,42759310.0,0.9948591753647674,0.9957308067888269,False,0.0,0.0,False,False,False,normal,False,False
2026-01-01 01:45:00,consumer_001,steady,105,42513785.0,42385815.0,0.9969899175055809,0.9957486553981733,False,0.0,0.0,False,False,False,normal,False,False
2026-01-01 01:46:00,consumer_001,steady,106,43025091.0,42831542.0,0.9955014854006933,0.9957477576904237,False,0.0,0.0,False,False,False,normal,False,False
2026-01-01 01:47:00,consumer_001,steady,107,43724768.0,43550273.0,0.9960092412611543,0.9957519107112681,False,0.0,0.0,False,False,False,normal,False,False
2026-01-01 01:48:00,consumer_001,steady,108,39913482.0,39711239.0,0.9949329652572031,0.9957681682697813,False,0.0,0.0,False,False,False,normal,False,False
2026-01-01 01:49:00,consumer_001,steady,109,42865870.0,42699093.0,0.9961093289369841,0.9957648135658189,False,0.0,0.0,False,False,False,normal,False,False
2026-01-01 01:50:00,consumer_001,steady,110,42875055.0,42681326.0,0.9954815451548692,0.9957709582924953,False,0.0,0.0,False,False,False,normal,False,False
2026-01-01 01:51:00,consumer_001,steady,111,44094436.0,43907896.0,0.9957695342786559,0.9957774739306865,False,0.0,0.0,False,False,False,normal,False,False
2026-01-01 01:52:00,consumer_001,steady,112,43146720.0,42944502.0,0.9953132474496323,0.9957379255855189,False,0.0,0.0,False,False,False,normal,False,False
2026-01-01 01:53:00,consumer_001,steady,113,42545112.0,42377225.0,0.9960539062630743,0.9957318164470502,False,0.0,0.0,False,False,False,normal,False,False
2026-01-01 01:54:00,consumer_001,steady,114,43849413.0,43625916.0,0.994903078862196,0.9957372755833998,False,0.0,0.0,False,False,False,normal,False,False
2026-01-01 01:55:00,consumer_001,steady,115,46646248.0,46487684.0,0.9966007126661077,0.9957389850454402,False,0.0,0.0,False,False,False,normal,False,False
2026-01-01 01:56:00,consumer_001,steady,116,43304755.0,43073057.0,0.9946495944844856,0.9957320133524232,False,0.0,0.0,False,False,False,normal,False,False
2026-01-01 01:57:00,consumer_001,steady,117,44651759.0,44461785.0,0.9957454307679122,0.995710836854218,False,0.0,0.0,False,False,False,normal,False,False
2026-01-01 01:58:00,consumer_001,steady,118,42692688.0,42444482.0,0.9941862175555684,0.9957125244104333,False,0.0,0.0,False,False,False,normal,False,False
2026-01-01 01:59:00,consumer_001,steady,119,44921260.0,44788452.0,0.9970435379595318,0.9957055254825832,False,0.0,0.0,False,False,False,normal,False,False
2026-01-01 02:00:00,consumer_001,steady,120,42835439.0,42720543.0,0.9973177349717368,0.9957341614991282,False,0.0,0.0,False,False,False,normal,False,False
2026-01-01 02:01:00,consumer_001,steady,121,44401065.0,44138951.0,0.9940966731316017,0.9957057158295248,False,0.0,0.0,False,False,False,normal,False,False
2026-01-01 02:02:00,consumer_001,steady,122,45224885.0,44974985.0,0.9944742811396867,0.9956906243283192,False,0.0,0.0,False,False,False,normal,False,False
2026-01-01 02:03:00,consumer_001,steady,123,43250136.0,43094658.0,0.996405144252032,0.9956977690996447,False,0.0,0.0,False,False,False,normal,False,False
2026-01-01 02:04:00,consumer_001,steady,124,45174461.0,45038576.0,0.9969919951009487,0.9957772735217363,False,0.0,0.0,False,False,False,normal,False,False
2026-01-01 02:05:00,consumer_001,steady,125,41133622.0,40902463.0,0.9943802906537139,0.9956993743379147,False,0.0,0.0,False,False,False,normal,False,False
2026-01-01 02:06:00,consumer_001,steady,126,44538068.0,44418136.0,0.9973072024588044,0.9957411811232106,False,0.0,0.0,False,False,False,normal,False,False
2026-01-01 02:07:00,consumer_001,steady,127,43132495.0,42969484.0,0.9962206916154515,0.9957492536693142,False,0.0,0.0,False,False,False,normal,False,False
2026-01-01 02:08:00,consumer_001,steady,128,45126564.0,44961849.0,0.99634993260289,0.9957462613663185,False,0.0,0.0,False,False,False,normal,False,False
2026-01-01 02:09:00,consumer_001,steady,129,43678043.0,43496303.0,0.9958390992929789,0.9957757298514452,False,0.0,0.0,False,False,False,normal,False,False
2026-01-01 02:10:00,consumer_001,steady,130,44245039.0,44010165.0,0.9946915178445204,0.9957268812216418,False,0.0,0.0,False,False,False,normal,False,False
2026-01-01 02:11:00,consumer_001,steady,131,42668264.0,42474262.0,0.9954532483440152,0.9957213345360705,False,0.0,0.0,False,False,False,normal,False,False
2026-01-01 02:12:00,consumer_001,steady,132,44979237.0,44775537.0,0.9954712437652066,0.9957386058364144,False,0.0,0.0,False,False,False,normal,False,False
2026-01-01 02:13:00,consumer_001,steady,133,46965666.0,46831170.0,0.9971362910088404,0.9957421156635824,False,0.0,0.0,False,False,False,normal,False,False
2026-01-01 02:14:00,consumer_001,steady,134,42418239.0,42176450.0,0.9942998812374083,0.9957227679369794,False,0.0,0.0,False,False,False,normal,False,False
2026-01-01 02:15:00,consumer_001,steady,135,45740054.0,45482482.0,0.9943687867093467,0.9957106533128316,False,0.0,0.0,False,False,False,normal,False,False
2026-01-01 02:16:00,consumer_001,steady,136,41343242.0,41204271.0,0.9966386042004156,0.99571800141679,False,0.0,0.0,False,False,False,normal,False,False
2026-01-01 02:17:00,consumer_001,steady,137,46205881.0,45940646.0,0.9942597133901635,0.99571035161215,False,0.0,0.0,False,False,False,normal,False,False
2026-01-01 02:18:00,consumer_001,steady,138,42978813.0,42912030.0,0.9984461413580686,0.9957570101078725,False,0.0,0.0,False,False,False,normal,False,False
2026-01-01 02:19:00,consumer_001,steady,139,44760822.0,44596458.0,0.9963279494733139,0.9957456117558929,False,0.0,0.0,False,False,False,normal,False,False
2026-01-01 02:20:00,consumer_001,steady,140,44444686.0,44198589.0,0.9944628475944233,0.9957187080105869,False,0.0,0.0,False,False,False,normal,False,False
2026-01-01 02:21:00,consumer_001,steady,141,44945596.0,44777959.0,0.9962702241171749,0.9957663461550093,False,0.0,0.0,False,False,False,normal,False,False
2026-01-01 02:22:00,consumer_001,steady,142,45227483.0,45033105.0,0.9957022149563353,0.995749985265519,False,0.0,0.0,False,False,False,normal,False,False
2026-01-01 02:23:00,consumer_001,steady,143,46849198.0,46537984.0,0.9933571114707236,0.9956775106129827,False,0.0,0.0,False,False,False,normal,False,False
2026-01-01 02:24:00,consumer_001,steady,144,47793353.0,47656637.0,0.9971394348498629,0.9957304283053644,False,0.0,0.0,False,False,False,normal,False,False
2026-01-01 02:25:00,consumer_001,steady,145,45107443.0,44975682.0,0.9970789521365687,0.9957758054725552,False,0.0,0.0,False,False,False,normal,False,False
2026-01-01 02:26:00,consumer_001,steady,146,44696770.0,44453860.0,0.9945653791090497,0.9957429691060471,False,0.0,0.0,False,False,False,normal,False,False
2026-01-01 02:27:00,consumer_001,steady,147,47171211.0,47003706.0,0.9964489993695519,0.9957565187089523,False,0.0,0.0,False,False,False,normal,False,False
2026-01-01 02:28:00,consumer_001,steady,148,45240040.0,45008601.0,0.9948841999255527,0.9957357893745052,False,0.0,0.0,False,False,False,normal,False,False
2026-01-01 02:29:00,consumer_001,steady,149,46402594.0,46230873.0,0.9962993232662812,0.995767532951666,False,0.0,0.0,False,False,False,normal,False,False
2026-01-01 02:30:00,consumer_001,steady,150,44181064.0,43953677.0,0.9948532928043562,0.9957101755984974,False,0.0,0.0,False,False,False,normal,False,False
2026-01-01 02:31:00,consumer_001,steady,151,46861505.0,46659794.0,0.9956955927898602,0.99574536321749,False,0.0,0.0,False,False,False,normal,False,False
2026-01-01 02:32:00,consumer_001,steady,152,46118051.0,46007135.0,0.997594954739089,0.9957781879470887,False,0.0,0.0,False,False,False,normal,False,False
2026-01-01 02:33:00,consumer_001,steady,153,46010825.0,45792102.0,0.9952462708503923,0.9957176712849944,False,0.0,0.0,False,False,False,normal,False,False
2026-01-01 02:34:00,consumer_001,steady,154,47804028.0,47354054.0,0.9905871111948976,0.9956314940045362,False,0.0,0.0,False,False,False,normal,False,False
2026-01-01 02:35:00,consumer_001,steady,155,44515853.0,44464337.0,0.9988427493459465,0.995673515614541,False,0.0,0.0,False,False,False,normal,False,False
2026-01-01 02:36:00,consumer_001,steady,156,45852560.0,45684613.0,0.9963372383134115,0.9956943309325166,False,0.0,0.0,False,False,False,normal,False,False
2026-01-01 02:37:00,consumer_001,steady,157,43272510.0,43206194.0,0.9984674797001607,0.9957796038188858,False,0.0,0.0,False,False,False,normal,False,False
2026-01-01 02:38:00,consumer_001,steady,158,45825582.0,45645550.0,0.9960713646801038,0.9957540734392151,False,0.0,0.0,False,False,False,normal,False,False
2026-01-01 02:39:00,consumer_001,steady,159,46980512.0,46573614.0,0.9913390045642755,0.9956604229307652,False,0.0,0.0,False,False,False,normal,False,False
2026-01-01 02:40:00,consumer_001,steady,160,46503011.0,46466358.0,0.9992118144779916,0.995722292248235,False,0.0,0.0,False,False,False,normal,False,False
2026-01-01 02:41:00,consumer_001,steady,161,44752349.0,44439409.0,0.9930072944327458,0.9956871816921106,False,0.0,0.0,False,False,False,normal,False,False
2026-01-01 02:42:00,consumer_001,steady,162,46336056.0,46310130.0,0.9994404789220731,0.9957536386024788,False,0.0,0.0,False,False,False,normal,False,False
2026-01-01 02:43:00,consumer_001,steady,163,44541065.0,44315651.0,0.9949391870176432,0.9957389506697832,False,0.0,0.0,False,False,False,normal,False,False
2026-01-01 02:44:00,consumer_001,steady,164,45040586.0,44831405.0,0.9953557220592112,0.995746636456009,False,0.0,0.0,False,False,False,normal,False,False
2026-01-01 02:45:00,consumer_001,steady,165,45694552.0,45527239.0,0.9963384475243351,0.9957369943676851,False,0.0,0.0,False,False,False,normal,False,False
2026-01-01 02:46:00,consumer_001,steady,166,43317596.0,43115847.0,0.9953425624081262,0.9957343975409343,False,0.0,0.0,False,False,False,normal,False,False
2026-01-01 02:47:00,consumer_001,steady,167,44509438.0,44312975.0,0.9955860372804527,0.9957274450362186,False,0.0,0.0,False,False,False,normal,False,False
2026-01-01 02:48:00,consumer_001,steady,168,45113556.0,44966974.0,0.9967508214160729,0.9957564662889233,False,0.0,0.0,False,False,False,normal,False,False
2026-01-01 02:49:00,consumer_001,steady,169,47127687.0,46916595.0,0.9955208495591986,0.9957467073095121,False,0.0,0.0,False,False,False,normal,False,False
2026-01-01 02:50:00,consumer_001,steady,170,48651618.0,48290536.0,0.9925782118900959,0.9956936976849302,False,0.0,0.0,False,False,False,normal,False,False
2026-01-01 02:51:00,consumer_001,steady,171,44249154.0,44210948.0,0.999136571063031,0.9957490121261002,False,0.0,0.0,False,False,False,normal,False,False
2026-01-01 02:52:00,consumer_001,steady,172,44917758.0,44730462.0,0.9958302460243007,0.9957573411706506,False,0.0,0.0,False,False,False,normal,False,False
2026-01-01 02:53:00,consumer_001,steady,173,46553778.0,46232623.0,0.9931014191802006,0.9957068644718875,False,0.0,0.0,False,False,False,normal,False,False
2026-01-01 02:54:00,consumer_001,steady,174,44176635.0,44022262.0,0.9965055509547072,0.995732988164177,False,0.0,0.0,False,False,False,normal,False,False
2026-01-01 02:55:00,consumer_001,steady,175,48321004.0,48085132.0,0.9951186444718739,0.9957070165230978,False,0.0,0.0,False,False,False,normal,False,False
2026-01-01 02:56:00,consumer_001,steady,176,47506735.0,47366188.0,0.9970415352686308,0.9957473723906212,False,0.0,0.0,False,False,False,normal,False,False
2026-01-01 02:57:00,consumer_001,steady,177,46565316.0,46370672.0,0.9958199789731911,0.9957486531021839,False,0.0,0.0,False,False,False,normal,False,False
2026-01-01 02:58:00,consumer_001,steady,178,46790872.0,46607469.0,0.9960803679828835,0.9957789758063965,False,0.0,0.0,False,False,False,normal,False,False
2026-01-01 02:59:00,consumer_001,steady,179,45177344.0,44951454.0,0.994999927397237,0.9957450514476479,False,0.0,0.0,False,False,False,normal,False,False
2026-01-01 03:00:00,consumer_001,steady,180,47733671.0,47451227.0,0.9940829189525356,0.9956910526873842,False,0.0,0.0,False,False,False,normal,False,False
2026-01-01 03:01:00,consumer_001,steady,181,43940424.0,43867257.0,0.9983348590354977,0.9957598802467074,False,0.0,0.0,False,False,False,normal,False,False
2026-01-01 03:02:00,consumer_001,steady,182,45124508.0,44903220.0,0.9950960573354063,0.9957702570656208,False,0.0,0.0,False,False,False,normal,False,False
2026-01-01 03:03:00,consumer_001,steady,183,46094512.0,45869508.0,0.9951186379844958,0.9957491124162899,False,0.0,0.0,False,False,False,normal,False,False
2026-01-01 03:04:00,consumer_001,steady,184,48594823.0,48418998.0,0.9963818162276258,0.9957397827674916,False,0.0,0.0,False,False,False,normal,False,False
2026-01-01 03:05:00,consumer_001,steady,185,46386019.0,46196004.0,0.9959036148370483,0.9957630690496929,False,0.0,0.0,False,False,False,normal,False,False
2026-01-01 03:06:00,consumer_001,steady,186,46545499.0,46329278.0,0.995354631389815,0.9957309116129452,False,0.0,0.0,False,False,False,normal,False,False
2026-01-01 03:07:00,consumer_001,steady,187,44496425.0,44199342.0,0.9933234411528566,0.9956839540326413,False,0.0,0.0,False,False,False,normal,False,False
2026-01-01 03:08:00,consumer_001,steady,188,45498311.0,45362299.0,0.9970106143061003,0.9956950493955459,False,0.0,0.0,False,False,False,normal,False,False
2026-01-01 03:09:00,consumer_001,steady,189,48314751.0,48183159.0,0.99727635976019,0.9957206722598406,False,0.0,0.0,False,False,False,normal,False,False
2026-01-01 03:10:00,consumer_001,steady,190,46777374.0,46565878.0,0.9954786688111222,0.995733165239227,False,0.0,0.0,False,False,False,normal,False,False
2026-01-01 03:11:00,consumer_001,steady,191,45996247.0,45854267.0,0.9969132264204077,0.9957573158415212,False,0.0,0.0,False,False,False,normal,False,False
2026-01-01 03:12:00,consumer_001,steady,192,46479057.0,46296542.0,0.9960731776464398,0.9957673569742842,False,0.0,0.0,False,False,False,normal,False,False
2026-01-01 03:13:00,consumer_001,steady,193,45840403.0,45507341.0,0.9927343134396092,0.9956932147460605,False,0.0,0.0,False,False,False,normal,False,False
2026-01-01 03:14:00,consumer_001,steady,194,48260444.0,48134054.0,0.9973810850144685,0.9957443599112357,False,0.0,0.0,False,False,False,normal,False,False
2026-01-01 03:15:00,consumer_001,steady,195,47698290.0,47539270.0,0.996666127863284,0.9957832243235514,False,0.0,0.0,False,False,False,normal,False,False
2026-01-01 03:16:00,consumer_001,steady,196,47760705.0,47538261.0,0.9953425310618844,0.9957627602361611,False,0.0,0.0,False,False,False,normal,False,False
2026-01-01 03:17:00,consumer_001,steady,197,49522512.0,49289767.0,0.995300218211871,0.9957796240746026,False,0.0,0.0,False,False,False,normal,False,False
2026-01-01 03:18:00,consumer_001,steady,198,46197624.0,45993224.0,0.9955755300315877,0.9957347363425035,False,0.0,0.0,False,False,False,normal,False,False
2026-01-01 03:19:00,consumer_001,steady,199,49424565.0,49196301.0,0.9953815678499143,0.995718836573883,False,0.0,0.0,False,False,False,normal,False,False
2026-01-01 03:20:00,consumer_001,steady,200,47316342.0,47163269.0,0.9967649020712548,0.9957568478513269,False,0.0,0.0,False,False,False,normal,False,False
2026-01-01 03:21:00,consumer_001,steady,201,42766581.0,42573609.0,0.9954877851937708,0.9957443571270427,False,0.0,0.0,False,False,False,normal,False,False
2026-01-01 03:22:00,consumer_001,steady,202,45322645.0,45101031.0,0.995110303028431,0.9957346660118324,False,0.0,0.0,False,False,False,normal,False,False
2026-01-01 03:23:00,consumer_001,steady,203,45631539.0,45397443.0,0.9948698640210228,0.9957606558190097,False,0.0,0.0,False,False,False,normal,False,False
2026-01-01 03:24:00,consumer_001,steady,204,49627451.0,49461337.0,0.9966527799302044,0.9957528476666742,False,0.0,0.0,False,False,False,normal,False,False
2026-01-01 03:25:00,consumer_001,steady,205,46759985.0,46537721.0,0.9952467050620312,0.9957227185728672,False,0.0,0.0,False,False,False,normal,False,False
2026-01-01 03:26:00,consumer_001,steady,206,47480834.0,47304530.0,0.9962868386010237,0.995751025513638,False,0.0,0.0,False,False,False,normal,False,False
2026-01-01 03:27:00,consumer_001,steady,207,47523841.0,47284827.0,0.9949706506256513,0.9957257875855939,False,0.0,0.0,False,False,False,normal,False,False
2026-01-01 03:28:00,consumer_001,steady,208,48487542.0,48290116.0,0.9959283149473734,0.9957430323771879,False,0.0,0.0,False,False,False,normal,False,False
2026-01-01 03:29:00,consumer_001,steady,209,47883740.0,47508261.0,0.9921585281350204,0.9956719743707519,False,0.0,0.0,False,False,False,normal,False,False
2026-01-01 03:30:00,consumer_001,steady,210,50554039.0,50559297.0,1.0001040075156014,0.9957654089909215,False,0.0,0.0,False,False,False,normal,False,False
2026-01-01 03:31:00,consumer_001,steady,211,46171148.0,45951542.0,0.9952436530276441,0.9957579323006783,False,0.0,0.0,False,False,False,normal,False,False
2026-01-01 03:32:00,consumer_001,steady,212,48648910.0,48369167.0,0.9942497581137995,0.9957012072565617,False,0.0,0.0,False,False,False,normal,False,False
2026-01-01 03:33:00,consumer_001,steady,213,47126170.0,46992912.0,0.9971723142364423,0.9957335806119586,False,0.0,0.0,False,False,False,normal,False,False
2026-01-01 03:34:00,consumer_001,steady,214,50535307.0,50275588.0,0.9948606426789888,0.995805927849333,False,0.0,0.0,False,False,False,normal,False,False
2026-01-01 03:35:00,consumer_001,steady,215,45492780.0,45318391.0,0.9961666664468516,0.9957633832452748,False,0.0,0.0,False,False,False,normal,False,False
2026-01-01 03:36:00,consumer_001,steady,216,48210879.0,47993992.0,0.9955012850937648,0.9957494438727662,False,0.0,0.0,False,False,False,normal,False,False
2026-01-01 03:37:00,consumer_001,steady,217,49030560.0,48882685.0,0.9969840238414572,0.9957290560343747,False,0.0,0.0,False,False,False,normal,False,False
2026-01-01 03:38:00,consumer_001,steady,218,49600124.0,49204648.0,0.9920267134816034,0.9956579627159824,False,0.0,0.0,False,False,False,normal,False,False
2026-01-01 03:39:00,consumer_001,steady,219,48876244.0,48781308.0,0.9980576248862331,0.9957720900837888,False,0.0,0.0,False,False,False,normal,False,False
2026-01-01 03:40:00,consumer_001,steady,220,50236001.0,49954663.0,0.9943996736523674,0.995690610255036,False,0.0,0.0,False,False,False,normal,False,False
2026-01-01 03:41:00,consumer_001,steady,221,48152550.0,47902785.0,0.9948130472841002,0.9957182802716725,False,0.0,0.0,False,False,False,normal,False,False
2026-01-01 03:42:00,consumer_001,steady,222,51421976.0,51336864.0,0.9983448321783667,0.9957050041193761,False,0.0,0.0,False,False,False,normal,False,False
2026-01-01 03:43:00,consumer_001,steady,223,48980646.0,48809095.0,0.9964975757975916,0.9957308456648962,False,0.0,0.0,False,False,False,normal,False,False
2026-01-01 03:44:00,consumer_001,steady,224,48768864.0,48540745.0,0.9953224458949874,0.9957297765062739,False,0.0,0.0,False,False,False,normal,False,False
2026-01-01 03:45:00,consumer_001,steady,225,47443112.0,47296964.0,0.9969195106762812,0.9957399019069628,False,0.0,0.0,False,False,False,normal,False,False
2026-01-01 03:46:00,consumer_001,steady,226,43797489.0,43617123.0,0.9958818187042641,0.9957481854222694,False,0.0,0.0,False,False,False,normal,False,False
2026-01-01 03:47:00,consumer_001,steady,227,53987700.0,53671193.0,0.9941374238947019,0.9957200834534605,False,0.0,0.0,False,False,False,normal,False,False
2026-01-01 03:48:00,consumer_001,steady,228,49504768.0,49292902.0,0.9957202910232809,0.9957037256297627,False,0.0,0.0,False,False,False,normal,False,False
2026-01-01 03:49:00,consumer_001,steady,229,45889708.0,45599610.0,0.9936783646564061,0.9956740424665517,False,0.0,0.0,False,False,False,normal,False,False
2026-01-01 03:50:00,consumer_001,steady,230,47340490.0,47270730.0,0.9985264199842461,0.995774640682661,False,0.0,0.0,False,False,False,normal,False,False
2026-01-01 03:51:00,consumer_001,steady,231,49516632.0,49206348.0,0.9937337418263827,0.9956868234105724,False,0.0,0.0,False,False,False,normal,False,False
2026-01-01 03:52:00,consumer_001,steady,232,43820290.0,43762639.0,0.9986843765753262,0.9957307493159927,False,0.0,0.0,False,False,False,normal,False,False
2026-01-01 03:53:00,consumer_001,steady,233,49795146.0,49556734.0,0.9952121437699972,0.9957646740506211,False,0.0,0.0,False,False,False,normal,False,False
2026-01-01 03:54:00,consumer_001,steady,234,47454185.0,47254182.0,0.9957853453810238,0.995753535019415,False,0.0,0.0,False,False,False,normal,False,False
2026-01-01 03:55:00,consumer_001,steady,235,45673796.0,45440829.0,0.9948993291470671,0.9957506075002492,False,0.0,0.0,False,False,False,normal,False,False
2026-01-01 03:56:00,consumer_001,steady,236,46733208.0,46615588.0,0.9974831601545522,0.9957575065089667,False,0.0,0.0,False,False,False,normal,False,False
2026-01-01 03:57:00,consumer_001,steady,237,49552917.0,49328130.0,0.9954636979292258,0.9957513768497231,False,0.0,0.0,False,False,False,normal,False,False
2026-01-01 03:58:00,consumer_001,steady,238,49442323.0,49148620.0,0.9940596844529331,0.9957166572377789,False,0.0,0.0,False,False,False,normal,False,False
2026-01-01 03:59:00,consumer_001,steady,239,47244982.0,47146905.0,0.9979240758309528,0.9957645359905616,False,0.0,0.0,False,False,False,normal,False,False
2026-01-01 04:00:00,consumer_001,steady,240,47533326.0,47326523.0,0.9956493050791354,0.9957907395176296,False,0.0,0.0,False,False,False,normal,False,False
2026-01-01 04:01:00,consumer_001,steady,241,49916862.0,49554837.0,0.9927474407345558,0.9956985447206186,False,0.0,0.0,False,False,False,normal,False,False
2026-01-01 04:02:00,consumer_001,steady,242,46576165.0,46491720.0,0.9981869481954987,0.9957485451992705,False,0.0,0.0,False,False,False,normal,False,False
2026-01-01 04:03:00,consumer_001,steady,243,48917666.0,48687131.0,0.995287285374572,0.9957508043789188,False,0.0,0.0,False,False,False,normal,False,False
2026-01-01 04:04:00,consumer_001,steady,244,49602933.0,49319526.0,0.9942864870510782,0.9957147560136567,False,0.0,0.0,False,False,False,normal,False,False
2026-01-01 04:05:00,consumer_001,steady,245,47854677.0,47615913.0,0.995010644414129,0.9956999477868511,False,0.0,0.0,False,False,False,normal,False,False
2026-01-01 04:06:00,consumer_001,steady,246,48329649.0,48267904.0,0.9987224198545286,0.9957564689306503,False,0.0,0.0,False,False,False,normal,False,False
2026-01-01 04:07:00,consumer_001,steady,247,48910591.0,48655839.0,0.9947914757357972,0.995777721304002,False,0.0,0.0,False,False,False,normal,False,False
2026-01-01 04:08:00,consumer_001,steady,248,50090206.0,49906419.0,0.9963308795336158,0.9957678572878522,False,0.0,0.0,False,False,False,normal,False,False
2026-01-01 04:09:00,consumer_001,steady,249,46149232.0,45882845.0,0.9942277045910537,0.9957177954975266,False,0.0,0.0,False,False,False,normal,False,False
2026-01-01 04:10:00,consumer_001,steady,250,50656794.0,50358123.0,0.9941040287705535,0.9956932905466673,False,0.0,0.0,False,False,False,normal,False,False
2026-01-01 04:11:00,consumer_001,steady,251,46641829.0,46380489.0,0.994396874959599,0.9956528138427296,False,0.0,0.0,False,False,False,normal,False,False
2026-01-01 04:12:00,consumer_001,steady,252,48411945.0,48307753.0,0.9978478038839381,0.9956829049666011,False,0.0,0.0,False,False,False,normal,False,False
2026-01-01 04:13:00,consumer_001,steady,253,48766890.0,48589359.0,0.99635959972022,0.9957411938354536,False,0.0,0.0,False,False,False,normal,False,False
2026-01-01 04:14:00,consumer_001,steady,254,49050674.0,48914866.0,0.9972312714805917,0.9957390964867695,False,0.0,0.0,False,False,False,normal,False,False
2026-01-01 04:15:00,consumer_001,steady,255,49791175.0,49547572.0,0.995107506500901,0.9957128957280913,False,0.0,0.0,False,False,False,normal,False,False
2026-01-01 04:16:00,consumer_001,steady,256,45490064.0,45327422.0,0.9964246697916275,0.9957302463143358,False,0.0,0.0,False,False,False,normal,False,False
2026-01-01 04:17:00,consumer_001,steady,257,46189677.0,45907013.0,0.993880364220776,0.995707990042867,False,0.0,0.0,False,False,False,normal,False,False
2026-01-01 04:18:00,consumer_001,steady,258,49884703.0,49738203.0,0.9970632279799281,0.9957335358352751,False,0.0,0.0,False,False,False,normal,False,False
2026-01-01 04:19:00,consumer_001,steady,259,51802920.0,51527978.0,0.994692538567324,0.995720888281244,False,0.0,0.0,False,False,False,normal,False,False
2026-01-01 04:20:00,consumer_001,steady,260,49580444.0,49319134.0,0.9947295752333319,0.9956867958978283,False,0.0,0.0,False,False,False,normal,False,False
2026-01-01 04:21:00,consumer_001,steady,261,49033214.0,48919995.0,0.9976909733063797,0.9957236567448211,False,0.0,0.0,False,False,False,normal,False,False
2026-01-01 04:22:00,consumer_001,steady,262,47486137.0,47301547.0,0.9961127602356873,0.9957396190720067,False,0.0,0.0,False,False,False,normal,False,False
2026-01-01 04:23:00,consumer_001,steady,263,49603702.0,49373774.0,0.9953647008039843,0.9957468841952514,False,0.0,0.0,False,False,False,normal,False,False
2026-01-01 04:24:00,consumer_001,steady,264,47189759.0,47026043.0,0.9965306879401524,0.9957441365616436,False,0.0,0.0,False,False,False,normal,False,False
2026-01-01 04:25:00,consumer_001,steady,265,48121765.0,47818505.0,0.9936980698858406,0.9957182229029264,False,0.0,0.0,False,False,False,normal,False,False
2026-01-01 04:26:00,consumer_001,steady,266,48663207.0,48495262.0,0.9965488300020999,0.9957228460481682,False,0.0,0.0,False,False,False,normal,False,False
2026-01-01 04:27:00,consumer_001,steady,267,47361055.0,47161787.0,0.9957925768334341,0.9957362976459105,False,0.0,0.0,False,False,False,normal,False,False
2026-01-01 04:28:00,consumer_001,steady,268,47645463.0,47448400.0,0.9958639713502206,0.9957351855786523,False,0.0,0.0,False,False,False,normal,False,False
2026-01-01 04:29:00,consumer_001,steady,269,49940360.0,49782140.0,0.9968318209960841,0.9958130143823749,False,0.0,0.0,False,False,False,normal,False,False
2026-01-01 04:30:00,consumer_001,steady,270,47684161.0,47456883.0,0.9952336793762608,0.9957287246040918,False,0.0,0.0,False,False,False,normal,False,False
2026-01-01 04:31:00,consumer_001,steady,271,49014583.0,48818083.0,0.9959909890491163,0.9957408627017214,False,0.0,0.0,False,False,False,normal,False,False
2026-01-01 04:32:00,consumer_001,steady,272,48397249.0,48143287.0,0.9947525529808523,0.9957493715996637,False,0.0,0.0,False,False,False,normal,False,False
2026-01-01 04:33:00,consumer_001,steady,273,52129590.0,52018891.0,0.9978764651707408,0.9957644378988062,False,0.0,0.0,False,False,False,normal,False,False
2026-01-01 04:34:00,consumer_001,steady,274,52443200.0,52211158.0,0.9955753653476523,0.9957767223704713,False,0.0,0.0,False,False,False,normal,False,False
2026-01-01 04:35:00,consumer_001,steady,275,48546583.0,48310862.0,0.9951444368391489,0.9957601002406741,False,0.0,0.0,False,False,False,normal,False,False
2026-01-01 04:36:00,consumer_001,steady,276,50686964.0,50462679.0,0.9955750950086496,0.9957611633306649,False,0.0,0.0,False,False,False,normal,False,False
2026-01-01 04:37:00,consumer_001,steady,277,47361788.0,47054843.0,0.9935191424783203,0.9957041611685741,False,0.0,0.0,False,False,False,normal,False,False
2026-01-01 04:38:00,consumer_001,steady,278,49032178.0,48904889.0,0.9974039701030617,0.9957953540419004,False,0.0,0.0,False,False,False,normal,False,False
2026-01-01 04:39:00,consumer_001,steady,279,50617056.0,50276660.0,0.9932750731295,0.9957136833721966,False,0.0,0.0,False,False,False,normal,False,False
2026-01-01 04:40:00,consumer_001,steady,280,47447832.0,47289840.0,0.9966701955950275,0.9957519230409116,False,0.0,0.0,False,False,False,normal,False,False
2026-01-01 04:41:00,consumer_001,steady,281,48802483.0,48723180.0,0.9983750212053759,0.9958113737325223,False,0.0,0.0,False,False,False,normal,False,False
2026-01-01 04:42:00,consumer_001,steady,282,49221704.0,48969639.0,0.9948789867169165,0.9957508662202799,False,0.0,0.0,False,False,False,normal,False,False
2026-01-01 04:43:00,consumer_001,steady,283,45248277.0,45068591.0,0.9960288874645989,0.995742614484126,False,0.0,0.0,False,False,False,normal,False,False
2026-01-01 04:44:00,consumer_001,steady,284,48922392.0,48674387.0,0.9949306444378272,0.9957360007529988,False,0.0,0.0,False,False,False,normal,False,False
2026-01-01 04:45:00,consumer_001,steady,285,51827957.0,51583382.0,0.9952810217852114,0.9957086240461533,False,0.0,0.0,False,False,False,normal,False,False
2026-01-01 04:46:00,consumer_001,steady,286,46485306.0,46362631.0,0.9973609940311031,0.9957323718997201,False,0.0,0.0,False,False,False,normal,False,False
2026-01-01 04:47:00,consumer_001,steady,287,49227756.0,49021821.0,0.9958166892677375,0.9957633857517544,False,0.0,0.0,False,False,False,normal,False,False
2026-01-01 04:48:00,consumer_001,steady,288,50657743.0,50346993.0,0.9938656959114819,0.9957310992516657,False,0.0,0.0,False,False,False,normal,False,False
2026-01-01 04:49:00,consumer_001,steady,289,47364592.0,47248352.0,0.9975458460615474,0.995792946541867,False,0.0,0.0,False,False,False,normal,False,False
2026-01-01 04:50:00,consumer_001,steady,290,49787473.0,49538842.0,0.9950061534555088,0.9957351224830567,False,0.0,0.0,False,False,False,normal,False,False
2026-01-01 04:51:00,consumer_001,steady,291,52045593.0,51798110.0,0.9952448807721338,0.9957603418728186,False,0.0,0.0,False,False,False,normal,False,False
2026-01-01 04:52:00,consumer_001,steady,292,50024320.0,49706875.0,0.993654186603636,0.9956804903919794,False,0.0,0.0,False,False,False,normal,False,False
2026-01-01 04:53:00,consumer_001,steady,293,49883568.0,49861667.0,0.9995609576283717,0.9957546632560457,False,0.0,0.0,False,False,False,normal,False,False
2026-01-01 04:54:00,consumer_001,steady,294,51917894.0,51705551.0,0.9959100228526219,0.9957569202750853,False,0.0,0.0,False,False,False,normal,False,False
2026-01-01 04:55:00,consumer_001,steady,295,48717560.0,48338371.0,0.9922165847386445,0.9957114487806514,False,0.0,0.0,False,False,False,normal,False,False
2026-01-01 04:56:00,consumer_001,steady,296,52200953.0,51942707.0,0.9950528489393671,0.9956715536132331,False,0.0,0.0,False,False,False,normal,False,False
2026-01-01 04:57:00,consumer_001,steady,297,48767266.0,48757798.0,0.9998058533771403,0.9957437244222996,False,0.0,0.0,False,False,False,normal,False,False
2026-01-01 04:58:00,consumer_001,steady,298,48983931.0,48754436.0,0.9953148921428948,0.9957649299312819,False,0.0,0.0,False,False,False,normal,False,False
2026-01-01 04:59:00,consumer_001,steady,299,47891069.0,47742550.0,0.9968988163534207,0.9957486843141461,False,0.0,0.0,False,False,False,normal,False,False
2026-01-01 05:00:00,consumer_001,steady,300,47528309.0,47292091.0,0.9950299515179469,0.9957386601161842,False,0.0,0.0,False,False,False,normal,False,False
2026-01-01 05:01:00,consumer_001,steady,301,48913224.0,48607852.0,0.9937568621524518,0.9957565023028516,False,0.0,0.0,False,False,False,normal,False,False
2026-01-01 05:02:00,consumer_001,steady,302,50795543.0,50579533.0,0.9957474615440177,0.9957178390299657,False,0.0,0.0,False,False,False,normal,False,False
2026-01-01 05:03:00,consumer_001,steady,303,50068305.0,49855432.0,0.9957483481815492,0.9957255201043296,False,0.0,0.0,False,False,False,normal,False,False
2026-01-01 05:04:00,consumer_001,steady,304,52289946.0,52024625.0,0.9949259653088951,0.9957355662312314,False,0.0,0.0,False,False,False,normal,False,False
2026-01-01 05:05:00,consumer_001,steady,305,51783961.0,51694790.0,0.9982780189410385,0.995792003422181,False,0.0,0.0,False,False,False,normal,False,False
2026-01-01 05:06:00,consumer_001,steady,306,49750850.0,49589639.0,0.9967596332524972,0.9957603019031678,False,0.0,0.0,False,False,False,normal,False,False
2026-01-01 05:07:00,consumer_001,steady,307,50111627.0,49730426.0,0.992392963014352,0.9957191657879312,False,0.0,0.0,False,False,False,normal,False,False
2026-01-01 05:08:00,consumer_001,steady,308,47979958.0,47836968.0,0.9970197973078676,0.9957299402600439,False,0.0,0.0,False,False,False,normal,False,False
2026-01-01 05:09:00,consumer_001,steady,309,47600250.0,47482942.0,0.9975355591619792,0.9957825852395367,False,0.0,0.0,False,False,False,normal,False,False
2026-01-01 05:10:00,consumer_001,steady,310,49935545.0,49736136.0,0.9960066722011345,0.9958152160641768,False,0.0,0.0,False,False,False,normal,False,False
2026-01-01 05:11:00,consumer_001,steady,311,46807054.0,46414230.0,0.9916075897449133,0.9957708633135584,False,0.0,0.0,False,False,False,normal,False,False
2026-01-01 05:12:00,consumer_001,steady,312,47146908.0,47151595.0,1.0000994126698617,0.9958059858435582,False,0.0,0.0,False,False,False,normal,False,False
2026-01-01 05:13:00,consumer_001,steady,313,49606986.0,49371528.0,0.995253531428013,0.9957875345033264,False,0.0,0.0,False,False,False,normal,False,False
2026-01-01 05:14:00,consumer_001,steady,314,50620164.0,50252361.0,0.9927340614700497,0.9957111348780598,False,0.0,0.0,False,False,False,normal,False,False
2026-01-01 05:15:00,consumer_001,steady,315,50232896.0,50196914.0,0.999283696484471,0.9957821449670458,False,0.0,0.0,False,False,False,normal,False,False
2026-01-01 05:16:00,consumer_001,steady,316,51437151.0,51215717.0,0.9956950570609947,0.9957707434388685,False,0.0,0.0,False,False,False,normal,False,False
2026-01-01 05:17:00,consumer_001,steady,317,50267510.0,49995620.0,0.9945911384908462,0.99578020803524,False,0.0,0.0,False,False,False,normal,False,False
2026-01-01 05:18:00,consumer_001,steady,318,49915685.0,49705241.0,0.995784010577036,0.9957586535706435,False,0.0,0.0,False,False,False,normal,False,False
2026-01-01 05:19:00,consumer_001,steady,319,52159709.0,51923725.0,0.9954757416303837,0.9957723220670623,False,0.0,0.0,False,False,False,normal,False,False
2026-01-01 05:20:00,consumer_001,steady,320,49914923.0,49758368.0,0.9968635632273739,0.9958081748531435,False,0.0,0.0,False,False,False,normal,False,False
2026-01-01 05:21:00,consumer_001,steady,321,49205765.0,49006790.0,0.995956266506577,0.9957794613921142,False,0.0,0.0,False,False,False,normal,False,False
2026-01-01 05:22:00,consumer_001,steady,322,50436986.0,50136357.0,0.9940395129875524,0.9957445181486837,False,0.0,0.0,False,False,False,normal,False,False
2026-01-01 05:23:00,consumer_001,steady,323,50333359.0,50210072.0,0.9975505906530101,0.9957815307020722,False,0.0,0.0,False,False,False,normal,False,False
2026-01-01 05:24:00,consumer_001,steady,324,50780215.0,50525716.0,0.9949882252369353,0.995756052569519,False,0.0,0.0,False,False,False,normal,False,False
2026-01-01 05:25:00,consumer_001,steady,325,50354256.0,50069783.0,0.9943505669113649,0.9957655652846207,False,0.0,0.0,False,False,False,normal,False,False
2026-01-01 05:26:00,consumer_001,steady,326,49745140.0,49638749.0,0.9978612785088151,0.9957878180416441,False,0.0,0.0,False,False,False,normal,False,False
2026-01-01 05:27:00,consumer_001,steady,327,48732940.0,48551436.0,0.9962755376548182,0.995795735841984,False,0.0,0.0,False,False,False,normal,False,False
2026-01-01 05:28:00,consumer_001,steady,328,49870846.0,49589718.0,0.994362878865139,0.9957706287151398,False,0.0,0.0,False,False,False,normal,False,False
2026-01-01 05:29:00,consumer_001,steady,329,50466682.0,50150318.0,0.9937312304383316,0.9957182392365045,False,0.0,0.0,False,False,False,normal,False,False
2026-01-01 05:30:00,consumer_001,steady,330,48559033.0,48442568.0,0.9976015790924008,0.9957567205059586,False,0.0,0.0,False,False,False,normal,False,False
2026-01-01 05:31:00,consumer_001,steady,331,53768561.0,53572478.0,0.9963532035012058,0.9957636256403316,False,0.0,0.0,False,False,False,normal,False,False
2026-01-01 05:32:00,consumer_001,steady,332,48363612.0,48110207.0,0.9947604202928433,0.995763764654093,False,0.0,0.0,False,False,False,normal,False,False
2026-01-01 05:33:00,consumer_001,steady,333,48272834.0,48078125.0,0.9959664891437697,0.995730066702092,False,0.0,0.0,False,False,False,normal,False,False
2026-01-01 05:34:00,consumer_001,steady,334,47164651.0,46992425.0,0.9963484093203615,0.9957426069203932,False,0.0,0.0,False,False,False,normal,False,False
2026-01-01 05:35:00,consumer_001,steady,335,49990046.0,49794409.0,0.9960864808966169,0.9957581512526104,False,0.0,0.0,False,False,False,normal,False,False
2026-01-01 05:36:00,consumer_001,steady,336,49834381.0,49663049.0,0.9965619719446299,0.995774745078195,False,0.0,0.0,False,False,False,normal,False,False
2026-01-01 05:37:00,consumer_001,steady,337,50875868.0,50581817.0,0.9942202263753024,0.9957840647663296,False,0.0,0.0,False,False,False,normal,False,False
2026-01-01 05:38:00,consumer_001,steady,338,53300853.0,53018385.0,0.9947004975698982,0.9957380452622967,False,0.0,0.0,False,False,False,normal,False,False
2026-01-01 05:39:00,consumer_001,steady,339,48403460.0,48159417.0,0.9949581496859935,0.9957672248529214,False,0.0,0.0,False,False,False,normal,False,False
2026-01-01 05:40:00,consumer_001,steady,340,50079737.0,49921432.0,0.9968389410671226,0.9957708564762378,False,0.0,0.0,False,False,False,normal,False,False
2026-01-01 05:41:00,consumer_001,steady,341,42788879.0,42683547.0,0.9975383323316322,0.9957535606793896,False,0.0,0.0,False,False,False,normal,False,False
2026-01-01 05:42:00,consumer_001,steady,342,53568456.0,53392668.0,0.9967184419129048,0.995785354043559,False,0.0,0.0,False,False,False,normal,False,False
2026-01-01 05:43:00,consumer_001,steady,343,50343174.0,49837758.0,0.9899605853218552,0.9956834190296909,False,0.0,0.0,False,False,False,normal,False,False
2026-01-01 05:44:00,consumer_001,steady,344,48185708.0,48199966.0,1.000295896866349,0.9957702409259913,False,0.0,0.0,False,False,False,normal,False,False
2026-01-01 05:45:00,consumer_001,steady,345,48789500.0,48646195.0,0.9970627901495199,0.9957999010994991,False,0.0,0.0,False,False,False,normal,False,False
2026-01-01 05:46:00,consumer_001,steady,346,47954959.0,47692245.0,0.9945216510350889,0.9957550172647206,False,0.0,0.0,False,False,False,normal,False,False
2026-01-01 05:47:00,consumer_001,steady,347,51188543.0,50993717.0,0.9961939530101491,0.9957615284801399,False,0.0,0.0,False,False,False,normal,False,False
2026-01-01 05:48:00,consumer_001,steady,348,52098515.0,51917655.0,0.996528499900621,0.9958070746542257,False,0.0,0.0,False,False,False,normal,False,False
2026-01-01 05:49:00,consumer_001,steady,349,50674820.0,50385015.0,0.9942810847675433,0.9957536541723718,False,0.0,0.0,False,False,False,normal,False,False
2026-01-01 05:50:00,consumer_001,steady,350,50346347.0,50170035.0,0.996498018019063,0.9957786366970465,False,0.0,0.0,False,False,False,normal,False,False
2026-01-01 05:51:00,consumer_001,steady,351,47847168.0,47660263.0,0.9960937082002429,0.9957929906739387,False,0.0,0.0,False,False,False,normal,False,False
2026-01-01 05:52:00,consumer_001,steady,352,46179631.0,45982355.0,0.9957280732710921,0.9958278678189256,False,0.0,0.0,False,False,False,normal,False,False
2026-01-01 05:53:00,consumer_001,steady,353,48219669.0,47988293.0,0.9952016261248081,0.995755246362653,False,0.0,0.0,False,False,False,normal,False,False
2026-01-01 05:54:00,consumer_001,steady,354,50085998.0,49920811.0,0.9967019325441014,0.9957684689642193,False,0.0,0.0,False,False,False,normal,False,False
2026-01-01 05:55:00,consumer_001,steady,355,50531825.0,50253546.0,0.99449299525596,0.9958049069570978,False,0.0,0.0,False,False,False,normal,False,False
2026-01-01 05:56:00,consumer_001,steady,356,51542451.0,51319410.0,0.9956726737733136,0.9958157959253855,False,0.0,0.0,False,False,False,normal,False,False
2026-01-01 05:57:00,consumer_001,steady,357,50258281.0,50090424.0,0.996660112589207,0.9957647539339389,False,0.0,0.0,False,False,False,normal,False,False
2026-01-01 05:58:00,consumer_001,steady,358,49706835.0,49521858.0,0.9962786405531553,0.9957807116599013,False,0.0,0.0,False,False,False,normal,False,False
2026-01-01 05:59:00,consumer_001,steady,359,50031886.0,49847031.0,0.9963052562120085,0.9957715609969193,False,0.0,0.0,False,False,False,normal,False,False
2026-01-01 00:00:00,consumer_002,steady,0,,,,,False,0.0,0.0,False,False,False,normal,False,False
2026-01-01 00:01:00,consumer_002,steady,1,87950080.0,87897124.0,0.9993978857097117,,False,0.0,0.0,False,False,False,normal,False,False
2026-01-01 00:02:00,consumer_002,steady,2,99623018.0,99430140.0,0.9980639213319155,,False,0.0,0.0,False,False,False,normal,False,False
2026-01-01 00:03:00,consumer_002,steady,3,89815674.0,89832603.0,1.0001884860319592,,False,0.0,0.0,False,False,False,normal,False,False
2026-01-01 00:04:00,consumer_002,steady,4,94748548.0,94500446.0,0.9973814691070516,,False,0.0,0.0,False,False,False,normal,False,False
2026-01-01 00:05:00,consumer_002,steady,5,89064729.0,89107490.0,1.0004801114928448,,False,0.0,0.0,False,False,False,normal,False,False
2026-01-01 00:06:00,consumer_002,steady,6,92450419.0,91991439.0,0.9950353929710151,,False,0.0,0.0,False,False,False,normal,False,False
2026-01-01 00:07:00,consumer_002,steady,7,91672015.0,91881908.0,1.0022896082299488,,False,0.0,0.0,False,False,False,normal,False,False
2026-01-01 00:08:00,consumer_002,steady,8,89455383.0,89210680.0,0.9972645245954623,,False,0.0,0.0,False,False,False,normal,False,False
2026-01-01 00:09:00,consumer_002,steady,9,93993047.0,93878718.0,0.9987836440710344,,False,0.0,0.0,False,False,False,normal,False,False
2026-01-01 00:10:00,consumer_002,steady,10,93011318.0,92828259.0,0.9980318631760492,,False,0.0,0.0,False,False,False,normal,False,False
2026-01-01 00:11:00,consumer_002,steady,11,94189951.0,94188254.0,0.9999819832160227,,False,0.0,0.0,False,False,False,normal,False,False
2026-01-01 00:12:00,consumer_002,steady,12,96384520.0,96270467.0,0.9988166875759718,,False,0.0,0.0,False,False,False,normal,False,False
2026-01-01 00:13:00,consumer_002,steady,13,94701751.0,94625240.0,0.9991920846320994,,False,0.0,0.0,False,False,False,normal,False,False
2026-01-01 00:14:00,consumer_002,steady,14,91664350.0,91540052.0,0.998643987548049,,False,0.0,0.0,False,False,False,normal,False,False
2026-01-01 00:15:00,consumer_002,steady,15,94614550.0,94321288.0,0.9969004555853196,,False,0.0,0.0,False,False,False,normal,False,False
2026-01-01 00:16:00,consumer_002,steady,16,96218711.0,95933323.0,0.9970339656701491,,False,0.0,0.0,False,False,False,normal,False,False
2026-01-01 00:17:00,consumer_002,steady,17,94731562.0,94915540.0,1.0019420982417666,,False,0.0,0.0,False,False,False,normal,False,False
2026-01-01 00:18:00,consumer_002,steady,18,94181253.0,93965277.0,0.9977068047714337,,False,0.0,0.0,False,False,False,normal,False,False
2026-01-01 00:19:00,consumer_002,steady,19,87555563.0,87464711.0,0.9989623503420336,,False,0.0,0.0,False,False,False,normal,False,False
2026-01-01 00:20:00,consumer_002,steady,20,95201426.0,95189519.0,0.9998749283440356,,False,0.0,0.0,False,False,False,normal,False,False
2026-01-01 00:21:00,consumer_002,steady,21,96615073.0,96297106.0,0.9967089296718743,,False,0.0,0.0,False,False,False,normal,False,False
2026-01-01 00:22:00,consumer_002,steady,22,95232241.0,95232451.0,1.0000022051355486,,False,0.0,0.0,False,False,False,normal,False,False
2026-01-01 00:23:00,consumer_002,steady,23,93922204.0,93643740.0,0.9970351632719352,,False,0.0,0.0,False,False,False,normal,False,False
2026-01-01 00:24:00,consumer_002,steady,24,98677105.0,98614593.0,0.999366499452938,,False,0.0,0.0,False,False,False,normal,False,False
2026-01-01 00:25:00,consumer_002,steady,25,95708440.0,95671336.0,0.9996123225914036,,False,0.0,0.0,False,False,False,normal,False,False
2026-01-01 00:26:00,consumer_002,steady,26,94623084.0,94321311.0,0.9968107887922993,,False,0.0,0.0,False,False,False,normal,False,False
2026-01-01 00:27:00,consumer_002,steady,27,92245277.0,92375628.0,1.0014130913174015,,False,0.0,0.0,False,False,False,normal,False,False
2026-01-01 00:28:00,consumer_002,steady,28,85328159.0,85258738.0,0.99918642332363,,False,0.0,0.0,False,False,False,normal,False,False
2026-01-01 00:29:00,consumer_002,steady,29,108989374.0,108707220.0,0.9974111788182213,,False,0.0,0.0,False,False,False,normal,False,False
2026-01-01 00:30:00,consumer_002,steady,30,95898110.0,95904390.0,1.0000654861706868,,False,0.0,0.0,False,False,False,normal,False,False
2026-01-01 00:31:00,consumer_002,steady,31,97036461.0,96703486.0,0.9965685578743437,,False,0.0,0.0,False,False,False,normal,False,False
2026-01-01 00:32:00,consumer_002,steady,32,100460506.0,100386719.0,0.9992655123596531,,False,0.0,0.0,False,False,False,normal,False,False
2026-01-01 00:33:00,consumer_002,steady,33,98101252.0,98056741.0,0.9995462749038106,,False,0.0,0.0,False,False,False,normal,False,False
2026-01-01 00:34:00,consumer_002,steady,34,92377113.0,92337798.0,0.999574407569979,,False,0.0,0.0,False,False,False,normal,False,False
2026-01-01 00:35:00,consumer_002,steady,35,96005084.0,95834102.0,0.9982190318171067,,False,0.0,0.0,False,False,False,normal,False,False
2026-01-01 00:36:00,consumer_002,steady,36,89385957.0,89199596.0,0.9979150975583335,,False,0.0,0.0,False,False,False,normal,False,False
2026-01-01 00:37:00,consumer_002,steady,37,92288922.0,92305507.0,1.0001797073759298,,False,0.0,0.0,False,False,False,normal,False,False
2026-01-01 00:38:00,consumer_002,steady,38,99163497.0,99013947.0,0.9984918845691777,,False,0.0,0.0,False,False,False,normal,False,False
2026-01-01 00:39:00,consumer_002,steady,39,91628656.0,91191441.0,0.995228403219185,,False,0.0,0.0,False,False,False,normal,False,False
2026-01-01 00:40:00,consumer_002,steady,40,93179266.0,93310080.0,1.00140389601266,,False,0.0,0.0,False,False,False,normal,False,False
2026-01-01 00:41:00,consumer_002,steady,41,97914975.0,97738592.0,0.9981986105802508,,False,0.0,0.0,False,False,False,normal,False,False
2026-01-01 00:42:00,consumer_002,steady,42,92994468.0,92881582.0,0.99878609983553,,False,0.0,0.0,False,False,False,normal,False,False
2026-01-01 00:43:00,consumer_002,steady,43,93727732.0,93653604.0,0.9992091134777485,,False,0.0,0.0,False,False,False,normal,False,False
2026-01-01 00:44:00,consumer_002,steady,44,91702759.0,91586078.0,0.9987276173446428,,False,0.0,0.0,False,False,False,normal,False,False
2026-01-01 00:45:00,consumer_002,steady,45,98003093.0,97658412.0,0.9964829579409294,,False,0.0,0.0,False,False,False,normal,False,False
2026-01-01 00:46:00,consumer_002,steady,46,94276009.0,94370338.0,1.0010005620836155,,False,0.0,0.0,False,False,False,normal,False,False
2026-01-01 00:47:00,consumer_002,steady,47,95561176.0,95438802.0,0.9987194171825596,,False,0.0,0.0,False,False,False,normal,False,False
2026-01-01 00:48:00,consumer_002,steady,48,94801212.0,94661602.0,0.9985273395027903,,False,0.0,0.0,False,False,False,normal,False,False
2026-01-01 00:49:00,consumer_002,steady,49,93437783.0,93277563.0,0.9982852760965015,,False,0.0,0.0,False,False,False,normal,False,False
2026-01-01 00:50:00,consumer_002,steady,50,93996515.0,94040284.0,1.0004656449231124,,False,0.0,0.0,False,False,False,normal,False,False
2026-01-01 00:51:00,consumer_002,steady,51,98011000.0,97706857.0,0.9968968483129445,,False,0.0,0.0,False,False,False,normal,False,False
2026-01-01 00:52:00,consumer_002,steady,52,93871524.0,93645162.0,0.9975885977945772,,False,0.0,0.0,False,False,False,normal,False,False
2026-01-01 00:53:00,consumer_002,steady,53,98389586.0,98528610.0,1.0014129950704336,,False,0.0,0.0,False,False,False,normal,False,False
2026-01-01 00:54:00,consumer_002,steady,54,96009195.0,95777066.0,0.9975822211612128,,False,0.0,0.0,False,False,False,normal,False,False
2026-01-01 00:55:00,consumer_002,steady,55,95690790.0,95428335.0,0.9972572595544461,,False,0.0,0.0,False,False,False,normal,False,False
2026-01-01 00:56:00,consumer_002,steady,56,98256170.0,98340340.0,1.000856638315945,,False,0.0,0.0,False,False,False,normal,False,False
2026-01-01 00:57:00,consumer_002,steady,57,101615105.0,101381763.0,0.9977036681701997,,False,0.0,0.0,False,False,False,normal,False,False
2026-01-01 00:58:00,consumer_002,steady,58,100169389.0,99962956.0,0.9979391608348535,,False,0.0,0.0,False,False,False,normal,False,False
2026-01-01 00:59:00,consumer_002,steady,59,96978373.0,97129419.0,1.0015575225210265,,False,0.0,0.0,False,False,False,normal,False,False
2026-01-01 01:00:00,consumer_002,steady,60,99772231.0,99358109.0,0.9958493260514542,0.998705691375719,False,0.0,0.0,False,False,False,normal,False,False
2026-01-01 01:01:00,consumer_002,steady,61,98757439.0,98912628.0,1.0015714157998772,0.998744634212134,False,0.0,0.0,False,False,False,normal,False,False
2026-01-01 01:02:00,consumer_002,steady,62,94163307.0,93923031.0,0.9974483054211339,0.9987351140246562,False,0.0,0.0,False,False,False,normal,False,False
2026-01-01 01:03:00,consumer_002,steady,63,94454132.0,94286925.0,0.9982297545225444,0.9987038566532954,False,0.0,0.0,False,False,False,normal,False,False
2026-01-01 01:04:00,consumer_002,steady,64,90879993.0,90804561.0,0.9991699823304344,0.9987332730978258,False,0.0,0.0,False,False,False,normal,False,False
2026-01-01 01:05:00,consumer_002,steady,65,102338137.0,102304413.0,0.9996704649802253,0.9987228276698766,False,0.0,0.0,False,False,False,normal,False,False
2026-01-01 01:06:00,consumer_002,steady,66,98540219.0,98240907.0,0.996962539732127,0.9987521077786032,False,0.0,0.0,False,False,False,normal,False,False
2026-01-01 01:07:00,consumer_002,steady,67,96680223.0,96522154.0,0.9983650327327027,0.998688912922652,False,0.0,0.0,False,False,False,normal,False,False
2026-01-01 01:08:00,consumer_002,steady,68,107870656.0,107835947.0,0.9996782350150907,0.9987296880550655,False,0.0,0.0,False,False,False,normal,False,False
2026-01-01 01:09:00,consumer_002,steady,69,100500018.0,100508069.0,1.0000801094383884,0.9987524142797521,False,0.0,0.0,False,False,False,normal,False,False
2026-01-01 01:10:00,consumer_002,steady,70,103992775.0,103861043.0,0.9987332581518283,0.9987637043989521,False,0.0,0.0,False,False,False,normal,False,False
2026-01-01 01:11:00,consumer_002,steady,71,101116042.0,100877782.0,0.9976436973274725,0.9987241662585375,False,0.0,0.0,False,False,False,normal,False,False
2026-01-01 01:12:00,consumer_002,steady,72,101880279.0,101687571.0,0.9981084857453129,0.9987117542276542,False,0.0,0.0,False,False,False,normal,False,False
2026-01-01 01:13:00,consumer_002,steady,73,99151514.0,99160876.0,1.000094421150241,0.9987276124119149,False,0.0,0.0,False,False,False,normal,False,False
2026-01-01 01:14:00,consumer_002,steady,74,99977923.0,99350314.0,0.9937225241216503,0.998642435983344,False,0.0,0.0,False,False,False,normal,False,False
2026-01-01 01:15:00,consumer_002,steady,75,104079967.0,104501381.0,1.00404894440445,0.9987679945322554,False,0.0,0.0,False,False,False,normal,False,False
2026-01-01 01:16:00,consumer_002,steady,76,100117664.0,99955462.0,0.998379886290595,0.9987900684864537,False,0.0,0.0,False,False,False,normal,False,False
2026-01-01 01:17:00,consumer_002,steady,77,100827234.0,100516981.0,0.9969229246138003,0.9987061901957511,False,0.0,0.0,False,False,False,normal,False,False
2026-01-01 01:18:00,consumer_002,steady,78,98784836.0,98813154.0,1.0002866634308123,0.998749270563552,False,0.0,0.0,False,False,False,normal,False,False
2026-01-01 01:19:00,consumer_002,steady,79,97868623.0,97775418.0,0.999047651871019,0.998751082805492,False,0.0,0.0,False,False,False,normal,False,False
2026-01-01 01:20:00,consumer_002,steady,80,104155881.0,104072189.0,0.9991964736009482,0.9987406847722783,False,0.0,0.0,False,False,False,normal,False,False
2026-01-01 01:21:00,consumer_002,steady,81,107003781.0,106605026.0,0.9962734494400717,0.9987290885532104,False,0.0,0.0,False,False,False,normal,False,False
2026-01-01 01:22:00,consumer_002,steady,82,99126804.0,99089210.0,0.9996207483901125,0.9987234651810021,False,0.0,0.0,False,False,False,normal,False,False
2026-01-01 01:23:00,consumer_002,steady,83,99676874.0,99701333.0,1.0002453828959363,0.9987765187689635,False,0.0,0.0,False,False,False,normal,False,False
2026-01-01 01:24:00,consumer_002,steady,84,103995419.0,103720892.0,0.9973602010296242,0.9987414104048874,False,0.0,0.0,False,False,False,normal,False,False
2026-01-01 01:25:00,consumer_002,steady,85,104332980.0,104234445.0,0.9990555718814894,0.9987327828304224,False,0.0,0.0,False,False,False,normal,False,False
2026-01-01 01:26:00,consumer_002,steady,86,96802198.0,96832822.0,1.0003163564529804,0.9987899347549557,False,0.0,0.0,False,False,False,normal,False,False
2026-01-01 01:27:00,consumer_002,steady,87,104753697.0,104249541.0,0.9951872247525546,0.9986845430928101,False,0.0,0.0,False,False,False,normal,False,False
2026-01-01 01:28:00,consumer_002,steady,88,96930803.0,97196547.0,1.0027415846333183,0.9987440541046132,False,0.0,0.0,False,False,False,normal,False,False
2026-01-01 01:29:00,consumer_002,steady,89,105979658.0,105274400.0,0.9933453455756576,0.9986715219194329,False,0.0,0.0,False,False,False,normal,False,False
2026-01-01 01:30:00,consumer_002,steady,90,110571575.0,110849746.0,1.002515755066345,0.9987209081271607,False,0.0,0.0,False,False,False,normal,False,False
2026-01-01 01:31:00,consumer_002,steady,91,100464502.0,100322932.0,0.9985908455506005,0.9987540729114156,False,0.0,0.0,False,False,False,normal,False,False
2026-01-01 01:32:00,consumer_002,steady,92,106792544.0,106616771.0,0.998354070486419,0.9987381509641688,False,0.0,0.0,False,False,False,normal,False,False
2026-01-01 01:33:00,consumer_002,steady,93,104321679.0,104181404.0,0.998655360982064,0.9987232907005793,False,0.0,0.0,False,False,False,normal,False,False
2026-01-01 01:34:00,consumer_002,steady,94,108512586.0,108378207.0,0.9987616275221751,0.9987107383111606,False,0.0,0.0,False,False,False,normal,False,False
2026-01-01 01:35:00,consumer_002,steady,95,107870501.0,107746971.0,0.9988548305713348,0.9987212949387912,False,0.0,0.0,False,False,False,normal,False,False
2026-01-01 01:36:00,consumer_002,steady,96,104811431.0,104422385.0,0.9962881338773059,0.9986905944349925,False,0.0,0.0,False,False,False,normal,False,False
2026-01-01 01:37:00,consumer_002,steady,97,100012778.0,100237639.0,1.0022483227093242,0.9987271924932911,False,0.0,0.0,False,False,False,normal,False,False
2026-01-01 01:38:00,consumer_002,steady,98,102327985.0,102194804.0,0.998698488981289,0.9987306088044652,False,0.0,0.0,False,False,False,normal,False,False
2026-01-01 01:39:00,consumer_002,steady,99,99008276.0,98880221.0,0.9987066232725837,0.9987838939744421,False,0.0,0.0,False,False,False,normal,False,False
2026-01-01 01:40:00,consumer_002,steady,100,103614503.0,103381801.0,0.9977541560953104,0.9987253080735621,False,0.0,0.0,False,False,False,normal,False,False
2026-01-01 01:41:00,consumer_002,steady,101,106409088.0,106320687.0,0.9991692344924524,0.9987417853089202,False,0.0,0.0,False,False,False,normal,False,False
2026-01-01 01:42:00,consumer_002,steady,102,103160147.0,103026239.0,0.9987019405856411,0.9987404149827798,False,0.0,0.0,False,False,False,normal,False,False
2026-01-01 01:43:00,consumer_002,steady,103,99477343.0,99269218.0,0.9979078150489001,0.9987193335672855,False,0.0,0.0,False,False,False,normal,False,False
2026-01-01 01:44:00,consumer_002,steady,104,102514355.0,102445567.0,0.9993289915348929,0.9987295833532887,False,0.0,0.0,False,False,False,normal,False,False
2026-01-01 01:45:00,consumer_002,steady,105,100617430.0,100503410.0,0.9988667967369073,0.998768411746159,False,0.0,0.0,False,False,False,normal,False,False
2026-01-01 01:46:00,consumer_002,steady,106,107331373.0,107308367.0,0.9997856544702918,0.9987516450295443,False,0.0,0.0,False,False,False,normal,False,False
2026-01-01 01:47:00,consumer_002,steady,107,106474678.0,106203305.0,0.9974512907190948,0.9987292690976307,False,0.0,0.0,False,False,False,normal,False,False
2026-01-01 01:48:00,consumer_002,steady,108,101849314.0,101718258.0,0.9987132363012283,0.998732159969868,False,0.0,0.0,False,False,False,normal,False,False
2026-01-01 01:49:00,consumer_002,steady,109,109941895.0,109524899.0,0.9962071237720616,0.9986933276317587,False,0.0,0.0,False,False,False,normal,False,False
2026-01-01 01:50:00,consumer_002,steady,110,107577854.0,107521219.0,0.9994735440623309,0.9986797486258608,False,0.0,0.0,False,False,False,normal,False,False
2026-01-01 01:51:00,consumer_002,steady,111,106202429.0,106004795.0,0.9981390821108244,0.9986989966814415,False,0.0,0.0,False,False,False,normal,False,False
2026-01-01 01:52:00,consumer_002,steady,112,105288475.0,105500921.0,1.002017751705493,0.9987732849375619,False,0.0,0.0,False,False,False,normal,False,False
2026-01-01 01:53:00,consumer_002,steady,113,107347203.0,107098345.0,0.9976817467708031,0.9987116580280224,False,0.0,0.0,False,False,False,normal,False,False
2026-01-01 01:54:00,consumer_002,steady,114,103828101.0,103536274.0,0.9971893254601661,0.9987035541369986,False,0.0,0.0,False,False,False,normal,False,False
2026-01-01 01:55:00,consumer_002,steady,115,108120151.0,107856330.0,0.9975599275661389,0.9987059576645781,False,0.0,0.0,False,False,False,normal,False,False
2026-01-01 01:56:00,consumer_002,steady,116,104493897.0,104710391.0,1.0020718339177264,0.9987288151929867,False,0.0,0.0,False,False,False,normal,False,False
2026-01-01 01:57:00,consumer_002,steady,117,106251928.0,106111766.0,0.9986808521723954,0.9987449330759912,False,0.0,0.0,False,False,False,normal,False,False
2026-01-01 01:58:00,consumer_002,steady,118,109887894.0,109563985.0,0.9970523686621932,0.9987278328727045,False,0.0,0.0,False,False,False,normal,False,False
2026-01-01 01:59:00,consumer_002,steady,119,102382004.0,102117483.0,0.9974163330500935,0.99866150792603,False,0.0,0.0,False,False,False,normal,False,False
2026-01-01 02:00:00,consumer_002,steady,120,109204768.0,109134211.0,0.99935390183696,0.998719224153784,False,0.0,0.0,False,False,False,normal,False,False
2026-01-01 02:01:00,consumer_002,steady,121,108675824.0,108571061.0,0.999036004548721,0.998679224845199,False,0.0,0.0,False,False,False,normal,False,False
2026-01-01 02:02:00,consumer_002,steady,122,103145801.0,103237772.0,1.0008916601462041,0.9987348134878344,False,0.0,0.0,False,False,False,normal,False,False
2026-01-01 02:03:00,consumer_002,steady,123,108378380.0,108199564.0,0.9983500768326672,0.9987357818220135,False,0.0,0.0,False,False,False,normal,False,False
2026-01-01 02:04:00,consumer_002,steady,124,106061772.0,105953839.0,0.9989823571870928,0.9987336420838352,False,0.0,0.0,False,False,False,normal,False,False
2026-01-01 02:05:00,consumer_002,steady,125,111598204.0,111142092.0,0.9959129091360646,0.9986677112946615,False,0.0,0.0,False,False,False,normal,False,False
2026-01-01 02:06:00,consumer_002,steady,126,109511609.0,109700713.0,1.0017267940972359,0.998748330138875,False,0.0,0.0,False,False,False,normal,False,False
2026-01-01 02:07:00,consumer_002,steady,127,100903322.0,100836313.0,0.9993359088811764,0.9987637606231254,False,0.0,0.0,False,False,False,normal,False,False
2026-01-01 02:08:00,consumer_002,steady,128,106940746.0,106385653.0,0.9948093404921637,0.9986802208728501,False,0.0,0.0,False,False,False,normal,False,False
2026-01-01 02:09:00,consumer_002,steady,129,107344842.0,107493181.0,1.0013818922012108,0.9987041131629715,False,0.0,0.0,False,False,False,normal,False,False
2026-01-01 02:10:00,consumer_002,steady,130,101287072.0,101165260.0,0.9987973588574068,0.9987051398373061,False,0.0,0.0,False,False,False,normal,False,False
2026-01-01 02:11:00,consumer_002,steady,131,102359650.0,102263871.0,0.9990642894929789,0.9987282006362603,False,0.0,0.0,False,False,False,normal,False,False
2026-01-01 02:12:00,consumer_002,steady,132,103248521.0,102941062.0,0.9970221462058522,0.9987101180008778,False,0.0,0.0,False,False,False,normal,False,False
2026-01-01 02:13:00,consumer_002,steady,133,107634993.0,107591257.0,0.9995936637446523,0.9987033819601844,False,0.0,0.0,False,False,False,normal,False,False
2026-01-01 02:14:00,consumer_002,steady,134,108434365.0,108330829.0,0.9990451735480721,0.9987887608253122,False,0.0,0.0,False,False,False,normal,False,False
2026-01-01 02:15:00,consumer_002,steady,135,109757971.0,109685334.0,0.9993382075184316,0.9987110902831876,False,0.0,0.0,False,False,False,normal,False,False
2026-01-01 02:16:00,consumer_002,steady,136,97818198.0,97762763.0,0.9994332854097353,0.9987276457937381,False,0.0,0.0,False,False,False,normal,False,False
2026-01-01 02:17:00,consumer_002,steady,137,106547237.0,106240761.0,0.9971235668926826,0.9987294073214141,False,0.0,0.0,False,False,False,normal,False,False
2026-01-01 02:18:00,consumer_002,steady,138,107651052.0,107519948.0,0.9987821391657186,0.9987058327471238,False,0.0,0.0,False,False,False,normal,False,False
2026-01-01 02:19:00,consumer_002,steady,139,105244707.0,105255954.0,1.0001068652317118,0.998723950739959,False,0.0,0.0,False,False,False,normal,False,False
2026-01-01 02:20:00,consumer_002,steady,140,110933294.0,110736741.0,0.9982281874727348,0.9987074057568085,False,0.0,0.0,False,False,False,normal,False,False
2026-01-01 02:21:00,consumer_002,steady,141,110771132.0,110623461.0,0.9986668819092686,0.9987480171037451,False,0.0,0.0,False,False,False,normal,False,False
2026-01-01 02:22:00,consumer_002,steady,142,114268872.0,113911897.0,0.9968760083673531,0.9987004641346613,False,0.0,0.0,False,False,False,normal,False,False
2026-01-01 02:23:00,consumer_002,steady,143,100956215.0,100959461.0,1.0000321525524705,0.9986973701886696,False,0.0,0.0,False,False,False,normal,False,False
2026-01-01 02:24:00,consumer_002,steady,144,108717900.0,108590113.0,0.998824600180835,0.9987215479040652,False,0.0,0.0,False,False,False,normal,False,False
2026-01-01 02:25:00,consumer_002,steady,145,104201778.0,104147058.0,0.9994748650066221,0.9987284502631719,False,0.0,0.0,False,False,False,normal,False,False
2026-01-01 02:26:00,consumer_002,steady,146,111289534.0,111041958.0,0.9977753882948238,0.9986874628881883,False,0.0,0.0,False,False,False,normal,False,False
2026-01-01 02:27:00,consumer_002,steady,147,109641027.0,109189684.0,0.9958834478994801,0.9986968005369672,False,0.0,0.0,False,False,False,normal,False,False
2026-01-01 02:28:00,consumer_002,steady,148,107126719.0,107436586.0,1.0028925276802325,0.9987058371207691,False,0.0,0.0,False,False,False,normal,False,False
2026-01-01 02:29:00,consumer_002,steady,149,109310558.0,108695181.0,0.99437037911745,0.9987206554586414,False,0.0,0.0,False,False,False,normal,False,False
2026-01-01 02:30:00,consumer_002,steady,150,110943425.0,111025994.0,1.0007442441947325,0.9986899597910889,False,0.0,0.0,False,False,False,normal,False,False
2026-01-01 02:31:00,consumer_002,steady,151,105345348.0,105267948.0,0.99926527367872,0.9987010518414292,False,0.0,0.0,False,False,False,normal,False,False
2026-01-01 02:32:00,consumer_002,steady,152,113214804.0,113179987.0,0.9996924695466505,0.9987244965214799,False,0.0,0.0,False,False,False,normal,False,False
2026-01-01 02:33:00,consumer_002,steady,153,109859069.0,109522114.0,0.9969328431137533,0.9986947463362584,False,0.0,0.0,False,False,False,normal,False,False
2026-01-01 02:34:00,consumer_002,steady,154,109710698.0,109386940.0,0.997048984229414,0.9986652843972986,False,0.0,0.0,False,False,False,normal,False,False
2026-01-01 02:35:00,consumer_002,steady,155,110309097.0,110607025.0,1.0027008470570655,0.9987318822095838,False,0.0,0.0,False,False,False,normal,False,False
2026-01-01 02:36:00,consumer_002,steady,156,112288417.0,112138513.0,0.9986650092324304,0.9987708224131105,False,0.0,0.0,False,False,False,normal,False,False
2026-01-01 02:37:00,consumer_002,steady,157,108355739.0,108180527.0,0.9983829928934359,0.9987098475994298,False,0.0,0.0,False,False,False,normal,False,False
2026-01-01 02:38:00,consumer_002,steady,158,107051161.0,107068335.0,1.0001604279658396,0.9987343010170096,False,0.0,0.0,False,False,False,normal,False,False
2026-01-01 02:39:00,consumer_002,steady,159,114105120.0,113686854.0,0.9963343800874142,0.9986920265177096,False,0.0,0.0,False,False,False,normal,False,False
2026-01-01 02:40:00,consumer_002,steady,160,107457253.0,107347833.0,0.9989817346252096,0.9987120223068691,False,0.0,0.0,False,False,False,normal,False,False
2026-01-01 02:41:00,consumer_002,steady,161,114158258.0,114189128.0,1.0002704140772716,0.9987321408434626,False,0.0,0.0,False,False,False,normal,False,False
2026-01-01 02:42:00,consumer_002,steady,162,111846188.0,111817160.0,0.9997404650035994,0.9987501556310192,False,0.0,0.0,False,False,False,normal,False,False
2026-01-01 02:43:00,consumer_002,steady,163,109066581.0,108944912.0,0.9988844520577757,0.9987654348987196,False,0.0,0.0,False,False,False,normal,False,False
2026-01-01 02:44:00,consumer_002,steady,164,109659189.0,109428162.0,0.9978932271694988,0.9987416488711741,False,0.0,0.0,False,False,False,normal,False,False
2026-01-01 02:45:00,consumer_002,steady,165,110949751.0,110901150.0,0.9995619548528775,0.9987537878016572,False,0.0,0.0,False,False,False,normal,False,False
2026-01-01 02:46:00,consumer_002,steady,166,112007174.0,111887931.0,0.998935398548668,0.9987398031441768,False,0.0,0.0,False,False,False,normal,False,False
2026-01-01 02:47:00,consumer_002,steady,167,107722471.0,107575721.0,0.9986377029914214,0.9987593193545449,False,0.0,0.0,False,False,False,normal,False,False
2026-01-01 02:48:00,consumer_002,steady,168,108251348.0,108032019.0,0.997973891281243,0.9987469085370945,False,0.0,0.0,False,False,False,normal,False,False
2026-01-01 02:49:00,consumer_002,steady,169,107031676.0,106786269.0,0.9977071554032285,0.9987728668938367,False,0.0,0.0,False,False,False,normal,False,False
2026-01-01 02:50:00,consumer_002,steady,170,111042417.0,110805857.0,0.9978696429131221,0.998745728066359,False,0.0,0.0,False,False,False,normal,False,False
2026-01-01 02:51:00,consumer_002,steady,171,110758454.0,110756116.0,0.9999788910018552,0.9987767592216044,False,0.0,0.0,False,False,False,normal,False,False
2026-01-01 02:52:00,consumer_002,steady,172,111427859.0,111409337.0,0.999833775860308,0.9987422953701475,False,0.0,0.0,False,False,False,normal,False,False
2026-01-01 02:53:00,consumer_002,steady,173,108889306.0,108549277.0,0.9968772966557432,0.9987285365035358,False,0.0,0.0,False,False,False,normal,False,False
2026-01-01 02:54:00,consumer_002,steady,174,110646850.0,110446520.0,0.9981894649508775,0.9987439652945113,False,0.0,0.0,False,False,False,normal,False,False
2026-01-01 02:55:00,consumer_002,steady,175,107938482.0,107836910.0,0.9990589825044973,0.9987689222215257,False,0.0,0.0,False,False,False,normal,False,False
2026-01-01 02:56:00,consumer_002,steady,176,105287448.0,105285055.0,0.9999772717446813,0.9987353604774434,False,0.0,0.0,False,False,False,normal,False,False
2026-01-01 02:57:00,consumer_002,steady,177,115141034.0,114753876.0,0.996637532367479,0.998699100043361,False,0.0,0.0,False,False,False,normal,False,False
2026-01-01 02:58:00,consumer_002,steady,178,105521906.0,105321409.0,0.9980999490285932,0.998717220133187,False,0.0,0.0,False,False,False,normal,False,False
2026-01-01 02:59:00,consumer_002,steady,179,107438193.0,107453531.0,1.0001427611501248,0.9987612570093428,False,0.0,0.0,False,False,False,normal,False,False
2026-01-01 03:00:00,consumer_002,steady,180,111332153.0,111433884.0,1.000913761184516,0.9987881495905989,False,0.0,0.0,False,False,False,normal,False,False
2026-01-01 03:01:00,consumer_002,steady,181,109462178.0,109161129.0,0.9972497441079603,0.9987581228553335,False,0.0,0.0,False,False,False,normal,False,False
2026-01-01 03:02:00,consumer_002,steady,182,108399894.0,108380451.0,0.9998206363559728,0.9987420122466661,False,0.0,0.0,False,False,False,normal,False,False
2026-01-01 03:03:00,consumer_002,steady,183,117151211.0,116939545.0,0.9981932239693194,0.9987386662155227,False,0.0,0.0,False,False,False,normal,False,False
2026-01-01 03:04:00,consumer_002,steady,184,109370811.0,109256651.0,0.9989562114520665,0.9987383514354392,False,0.0,0.0,False,False,False,normal,False,False
2026-01-01 03:05:00,consumer_002,steady,185,112483486.0,112353863.0,0.998847626397354,0.9987885705848174,False,0.0,0.0,False,False,False,normal,False,False
2026-01-01 03:06:00,consumer_002,steady,186,109813040.0,109772283.0,0.9996288509998448,0.9987533924860119,False,0.0,0.0,False,False,False,normal,False,False
2026-01-01 03:07:00,consumer_002,steady,187,112345797.0,112030376.0,0.9971924094321036,0.9987175641672821,False,0.0,0.0,False,False,False,normal,False,False
2026-01-01 03:08:00,consumer_002,steady,188,111780565.0,111572885.0,0.998142074161103,0.9987716335613738,False,0.0,0.0,False,False,False,normal,False,False
2026-01-01 03:09:00,consumer_002,steady,189,109975730.0,109942791.0,0.999700488462318,0.9987444207582905,False,0.0,0.0,False,False,False,normal,False,False
2026-01-01 03:10:00,consumer_002,steady,190,113473343.0,113376826.0,0.9991494301881985,0.9987506139365041,False,0.0,0.0,False,False,False,normal,False,False
2026-01-01 03:11:00,consumer_002,steady,191,112709546.0,112701549.0,0.9999290477134918,0.9987659541914288,False,0.0,0.0,False,False,False,normal,False,False
2026-01-01 03:12:00,consumer_002,steady,192,110645075.0,108507447.0,0.9806803149620532,0.9984888916802308,False,0.0,1869855.535816047,True,False,False,true_loss,True,False
2026-01-01 03:13:00,consumer_002,steady,193,110019325.0,104591255.0,0.9506625767791249,0.9976705366963875,False,0.0,7138825.675393686,True,False,False,true_loss,True,False
2026-01-01 03:14:00,consumer_002,steady,194,105886763.0,100616909.0,0.9502312295636046,0.9968835842715887,False,0.0,12210186.159236083,True,False,False,true_loss,True,False
2026-01-01 03:15:00,consumer_002,steady,195,113337189.0,107964632.0,0.9525966979823366,0.996079342474901,False,0.0,17638103.61608918,True,False,False,true_loss,True,False
2026-01-01 03:16:00,consumer_002,steady,196,117224446.0,111455929.0,0.9507908358978298,0.9952246687169306,False,0.0,23251745.836364947,True,False,False,true_loss,True,False
2026-01-01 03:17:00,consumer_002,steady,197,110660104.0,104917191.0,0.9481031302844248,0.9944038932153815,False,0.0,28549760.759363897,True,False,False,true_loss,True,False
2026-01-01 03:18:00,consumer_002,steady,198,113803320.0,108524874.0,0.9536178206400305,0.9936298849377527,False,0.0,33999959.19146186,True,False,False,true_loss,True,False
2026-01-01 03:19:00,consumer_002,steady,199,109879623.0,104488599.0,0.9509369994835166,0.9928171126643587,False,0.0,39261585.36097115,True,False,False,true_loss,True,False
2026-01-01 03:20:00,consumer_002,steady,200,109611572.0,103995638.0,0.9487651358562762,0.9919956851707772,False,0.0,44510926.24435209,True,False,False,true_loss,True,False
2026-01-01 03:21:00,consumer_002,steady,201,115724114.0,109646999.0,0.9474861825254501,0.9911051839488488,False,0.0,50053590.86083268,True,False,False,true_loss,True,False
2026-01-01 03:22:00,consumer_002,steady,202,111529157.0,106603876.0,0.955838624333904,0.9904105120433535,False,0.0,55394412.53947252,True,False,False,true_loss,True,False
2026-01-01 03:23:00,consumer_002,steady,203,108564693.0,103251901.0,0.951063353534284,0.9896183743374168,False,0.0,60593448.30597251,True,False,False,true_loss,True,False
2026-01-01 03:24:00,consumer_002,steady,204,109269596.0,103889081.0,0.9507592670151357,0.9888257098673017,False,0.0,65826244.24708691,True,False,False,true_loss,True,False
2026-01-01 03:25:00,consumer_002,steady,205,113249135.0,107772199.0,0.9516381648301332,0.9880229456389887,False,0.0,71249581.11679074,True,False,False,true_loss,True,False
2026-01-01 03:26:00,consumer_002,steady,206,119041173.0,112881048.0,0.9482521480194084,0.9871459879212414,False,0.0,76950142.21957228,True,False,False,true_loss,True,False
2026-01-01 03:27:00,consumer_002,steady,207,123559451.0,117646989.0,0.9521488485733074,0.9863516900624005,False,0.0,82866364.16393736,True,False,False,true_loss,True,False
2026-01-01 03:28:00,consumer_002,steady,208,112840297.0,107284840.0,0.9507670827913542,0.9854821814470739,False,0.0,88270196.9860534,True,False,False,true_loss,True,False
2026-01-01 03:29:00,consumer_002,steady,209,118693515.0,113040629.0,0.9523740955855928,0.9847468330609345,False,0.0,93955205.02832657,True,False,False,true_loss,True,False
2026-01-01 03:30:00,consumer_002,steady,210,116437805.0,110665206.0,0.9504233268567713,0.9838816594845861,False,0.0,99530981.65588933,True,False,False,true_loss,True,False
2026-01-01 03:31:00,consumer_002,steady,211,112357882.0,106608528.0,0.9488299895151103,0.9830492071373768,False,0.0,104911440.14348345,True,False,False,true_loss,True,False
2026-01-01 03:32:00,consumer_002,steady,212,112948645.0,107401713.0,0.9508897871240509,0.9822230558620025,True,0.0,110320331.80009061,True,False,False,true_loss,True,False
2026-01-01 03:33:00,consumer_002,steady,213,121792656.0,115900850.0,0.9516242916978508,0.9814243773483446,True,0.0,116152337.39837104,True,False,False,true_loss,True,False
2026-01-01 03:34:00,consumer_002,steady,214,121017251.0,115011691.0,0.9503743478688009,0.9806077848263487,True,0.0,121947392.28584889,True,False,False,true_loss,True,False
2026-01-01 03:35:00,consumer_002,steady,215,117455944.0,111819257.0,0.9520102022252701,0.979743724313043,True,0.0,127572437.12669738,True,False,False,true_loss,True,True
2026-01-01 03:36:00,consumer_002,steady,216,119594339.0,113380078.0,0.9480388365205146,0.9788626826590044,True,0.0,133299626.57510172,True,False,False,true_loss,True,True
2026-01-01 03:37:00,consumer_002,steady,217,113808117.0,108565138.0,0.9539314142241717,0.978125771716987,True,0.0,138750477.9885489,True,False,False,true_loss,True,True
2026-01-01 03:38:00,consumer_002,steady,218,115380145.0,109574043.0,0.9496784997106738,0.977287444181604,True,0.0,144275866.6604572,True,False,False,true_loss,True,True
2026-01-01 03:39:00,consumer_002,steady,219,117483820.0,111764242.0,0.9513160365401806,0.9765114046996808,True,0.0,149902230.34537172,True,False,False,true_loss,True,True
2026-01-01 03:40:00,consumer_002,steady,220,111374588.0,106068778.0,0.9523606767461174,0.975753659578393,True,0.0,155235964.12944692,True,False,False,true_loss,True,True
2026-01-01 03:41:00,consumer_002,steady,221,111649122.0,106161865.0,0.9508526632211224,0.9749251533757178,True,0.0,160583071.1187914,True,False,False,true_loss,True,True
2026-01-01 03:42:00,consumer_002,steady,222,120668005.0,114821888.0,0.951552053918518,0.9740952219041885,True,0.0,166480682.68030363,True,False,False,true_loss,True,True
2026-01-01 03:43:00,consumer_002,steady,223,112982887.0,107418036.0,0.9507460718365252,0.9733034439277446,True,0.0,171773180.03626293,True,False,False,true_loss,True,True
2026-01-01 03:44:00,consumer_002,steady,224,111109305.0,105345410.0,0.948124101757274,0.9724892479223629,True,0.0,177094429.41716343,True,False,False,true_loss,True,True
2026-01-01 03:45:00,consumer_002,steady,225,116529264.0,110915736.0,0.9518273109491192,0.9716879736488708,True,0.0,182674922.43895,True,False,False,true_loss,True,True
2026-01-01 03:46:00,consumer_002,steady,226,111784914.0,106102654.0,0.9491679172379199,0.9708632949473749,True,0.0,188027974.33963102,True,False,False,true_loss,True,True
2026-01-01 03:47:00,consumer_002,steady,227,118110296.0,112627340.0,0.9535776626958923,0.9701190955017841,True,0.0,193683879.6731844,True,False,False,true_loss,True,True
2026-01-01 03:48:00,consumer_002,steady,228,111262967.0,105437887.0,0.9476458325976513,0.9693039633579252,True,0.0,199011085.58674204,True,False,False,true_loss,True,True
2026-01-01 03:49:00,consumer_002,steady,229,116016151.0,110682832.0,0.9540295126667321,0.9685937592968821,True,0.0,204567857.5712377,True,False,False,true_loss,True,True
2026-01-01 03:50:00,consumer_002,steady,230,108006845.0,102691687.0,0.950788693068481,0.9678298147960098,True,0.0,209740564.31590948,True,False,False,true_loss,True,True
2026-01-01 03:51:00,consumer_002,steady,231,120221417.0,114051839.0,0.9486815398291304,0.9669653631277783,True,0.0,215498290.5981232,True,False,False,true_loss,True,True
2026-01-01 03:52:00,consumer_002,steady,232,119393493.0,113698999.0,0.9523048211681017,0.9661681963955169,True,0.0,221217021.31072643,True,False,False,true_loss,True,True
2026-01-01 03:53:00,consumer_002,steady,233,111651292.0,106300452.0,0.9520754314244747,0.9654442925937877,True,0.0,226563710.90361717,True,False,False,true_loss,True,True
2026-01-01 03:54:00,consumer_002,steady,234,109770497.0,104247039.0,0.9496817619400958,0.9646560956199793,True,0.0,231821002.50002986,True,False,False,true_loss,True,True
2026-01-01 03:55:00,consumer_002,steady,235,116966930.0,111187185.0,0.9505865033817679,0.9638681125553272,True,0.0,237422592.48133725,True,False,False,true_loss,True,True
2026-01-01 03:56:00,consumer_002,steady,236,116697302.0,111146018.0,0.9524300570376512,0.963114101572905,True,0.0,243011865.35949162,True,False,False,true_loss,True,True
2026-01-01 03:57:00,consumer_002,steady,237,121107673.0,115029333.0,0.9498104467749124,0.9623116968364094,True,0.0,248811689.8981585,True,False,False,true_loss,True,True
2026-01-01 03:58:00,consumer_002,steady,238,114865086.0,109232647.0,0.9509647431074052,0.9615676982476133,True,0.0,254312584.5994166,True,False,False,true_loss,True,True
2026-01-01 03:59:00,consumer_002,steady,239,121187500.0,115294606.0,0.9513737472924187,0.9607813444798994,True,0.0,260116139.96713996,True,False,False,true_loss,True,True
2026-01-01 04:00:00,consumer_002,steady,240,117154958.0,111481900.0,0.9515764582494238,0.9599713268805175,True,0.0,265727213.04005337,True,False,False,true_loss,True,True
2026-01-01 04:01:00,consumer_002,steady,241,115800999.0,109795888.0,0.9481428394240364,0.9591760800764527,True,0.0,271272813.88168454,True,False,False,true_loss,True,True
2026-01-01 04:02:00,consumer_002,steady,242,112512064.0,107116567.0,0.9520451691295966,0.958416620341459,True,0.0,276660653.3749632,True,False,False,true_loss,True,True
2026-01-01 04:03:00,consumer_002,steady,243,116328229.0,110455467.0,0.9495155900636981,0.9575860259940578,True,0.0,282230950.5409082,True,False,False,true_loss,True,True
2026-01-01 04:04:00,consumer_002,steady,244,117193909.0,111441139.0,0.9509123806084495,0.9568129742096401,True,0.0,287844195.5287655,True,False,False,true_loss,True,True
2026-01-01 04:05:00,consumer_002,steady,245,109739462.0,104258740.0,0.9500569631004752,0.9560158878546436,True,0.0,293387726.6830095,True,False,False,true_loss,True,True
2026-01-01 04:06:00,consumer_002,steady,246,122708323.0,116872896.0,0.9524447335165684,0.9552555150078526,True,0.0,298975489.30386543,True,False,False,true_loss,True,True
2026-01-01 04:07:00,consumer_002,steady,247,119463797.0,113530365.0,0.9503328024974796,0.954485461126026,True,0.0,304695900.6106813,True,False,False,true_loss,True,True
2026-01-01 04:08:00,consumer_002,steady,248,123816507.0,118050528.0,0.9534312577562861,0.9537586763727389,True,0.0,310625855.1137377,True,False,False,true_loss,True,True
2026-01-01 04:09:00,consumer_002,steady,249,111405932.0,105794874.0,0.9496341182263077,0.9529593141294964,True,0.0,315961569.15033925,True,False,False,true_loss,True,True
2026-01-01 04:10:00,consumer_002,steady,250,119429731.0,113540771.0,0.9506910050731002,0.9521606032660798,True,0.0,321681260.8369252,True,False,False,true_loss,True,True
2026-01-01 04:11:00,consumer_002,steady,251,107979342.0,102588087.0,0.9500714219947738,0.9513472367426791,True,0.0,326852722.09345365,True,False,False,true_loss,True,True
2026-01-01 04:12:00,consumer_002,steady,252,114466996.0,108830732.0,0.9507607939671974,0.9508671734765443,True,0.0,332334533.4968986,True,False,False,true_loss,True,True
2026-01-01 04:13:00,consumer_002,steady,253,116678795.0,110947348.0,0.9508784179678921,0.9508706222886305,True,0.0,337920858.03723276,True,False,False,true_loss,True,True
2026-01-01 04:14:00,consumer_002,steady,254,116880910.0,111216467.0,0.951536628179914,0.9508916605691582,True,0.0,343518396.517056,True,False,False,true_loss,True,True
2026-01-01 04:15:00,consumer_002,steady,255,116762112.0,110984834.0,0.9505209532352412,0.9508574880413564,True,0.0,349111169.0624198,True,False,False,true_loss,True,True
2026-01-01 04:16:00,consumer_002,steady,256,120698500.0,114931595.0,0.9522205744064757,0.9508823737868949,True,0.0,354891712.0604204,True,False,False,true_loss,True,True
2026-01-01 04:17:00,consumer_002,steady,257,120706987.0,114764476.0,0.9507691215919423,0.9509247495233841,True,0.0,360672191.66569126,True,False,False,true_loss,True,True
2026-01-01 04:18:00,consumer_002,steady,258,108512522.0,103227671.0,0.9512973166359547,0.9508863572305273,True,0.0,365869209.133924,True,False,False,true_loss,True,True
2026-01-01 04:19:00,consumer_002,steady,259,112951773.0,107167729.0,0.9487919149352352,0.9508514316887268,True,0.0,371278544.27149606,True,False,False,true_loss,True,True
2026-01-01 04:20:00,consumer_002,steady,260,117446664.0,111836139.0,0.9522291667645835,0.9509076926139575,True,0.0,376902332.6574123,True,False,False,true_loss,True,True
2026-01-01 04:21:00,consumer_002,steady,261,119040122.0,113194764.0,0.9508959004595107,0.9509645106151924,True,0.0,382603906.5439796,True,False,False,true_loss,True,True
2026-01-01 04:22:00,consumer_002,steady,262,114543210.0,108732856.0,0.94927369330753,0.9508583828173401,True,0.0,388089036.95780337,True,False,False,true_loss,True,True
2026-01-01 04:23:00,consumer_002,steady,263,123500775.0,117614191.0,0.9523356513349815,0.9508813921597025,True,0.0,394004496.93291324,True,False,False,true_loss,True,True
2026-01-01 04:24:00,consumer_002,steady,264,120828154.0,115043717.0,0.9521267452285996,0.9509048834791047,True,0.0,399790319.3826808,True,False,False,true_loss,True,True
2026-01-01 04:25:00,consumer_002,steady,265,113761682.0,108062793.0,0.9499050216223068,0.9508766662127826,True,0.0,405237646.097473,True,False,False,true_loss,True,True
2026-01-01 04:26:00,consumer_002,steady,266,119271807.0,113394497.0,0.9507233926622743,0.9509188416430657,True,0.0,410949129.1839451,True,False,False,true_loss,True,True
2026-01-01 04:27:00,consumer_002,steady,267,119389272.0,113644301.0,0.9518803414765775,0.9509135065682137,True,0.0,416666931.1925896,True,False,False,true_loss,True,True
2026-01-01 04:28:00,consumer_002,steady,268,122709691.0,116695841.0,0.950991238336669,0.9509172402230288,True,0.0,422542959.8343947,True,False,False,true_loss,True,True
2026-01-01 04:29:00,consumer_002,steady,269,118611751.0,112620937.0,0.94949223875803,0.9508682510004789,True,0.0,428222562.846367,True,False,False,true_loss,True,True
2026-01-01 04:30:00,consumer_002,steady,270,120962802.0,114846665.0,0.9494378693377159,0.9508508957403602,True,0.0,434015484.9904106,True,False,False,true_loss,True,True
2026-01-01 04:31:00,consumer_002,steady,271,120222817.0,114453897.0,0.952014766048944,0.950903380275586,True,0.0,439773145.7609829,True,False,False,true_loss,True,True
2026-01-01 04:32:00,consumer_002,steady,272,117383955.0,111773982.0,0.9522083490882549,0.9509254930674297,True,0.0,445393810.9439262,True,False,False,true_loss,True,True
2026-01-01 04:33:00,consumer_002,steady,273,121473155.0,115365666.0,0.9497214919625657,0.9508924244510598,True,0.0,451211067.0931902,True,False,False,true_loss,True,True
2026-01-01 04:34:00,consumer_002,steady,274,119580585.0,113595631.0,0.949950453913568,0.9508852843207747,True,0.0,456937024.70920426,True,False,False,true_loss,True,True
2026-01-01 04:35:00,consumer_002,steady,275,114196733.0,108760128.0,0.9523926398139604,0.9508910063292716,True,0.0,462405778.8106462,True,False,False,true_loss,True,True
2026-01-01 04:36:00,consumer_002,steady,276,119152396.0,113378004.0,0.951537760096742,0.9509508186561605,True,0.0,468111492.0709554,True,False,False,true_loss,True,True
2026-01-01 04:37:00,consumer_002,steady,277,120523544.0,114530795.0,0.9502773582562425,0.950890746753502,True,0.0,473884458.0532277,True,False,False,true_loss,True,True
2026-01-01 04:38:00,consumer_002,steady,278,119534516.0,113534205.0,0.949802691299641,0.9508921476142006,True,0.0,479607973.43785286,True,False,False,true_loss,True,True
2026-01-01 04:39:00,consumer_002,steady,279,121105880.0,115112899.0,0.9505145332332336,0.9508785115425291,True,0.0,485409289.2036748,True,False,False,true_loss,True,True
2026-01-01 04:40:00,consumer_002,steady,280,115316859.0,109857895.0,0.9526611802702674,0.9508842886871913,True,0.0,490932059.28102183,True,False,False,true_loss,True,True
2026-01-01 04:41:00,consumer_002,steady,281,117180847.0,111157098.0,0.9485944234555669,0.9508465427792303,True,0.0,496543378.687399,True,False,False,true_loss,True,True
2026-01-01 04:42:00,consumer_002,steady,282,118172415.0,112625888.0,0.9530641139897158,0.9508717715037279,True,0.0,502201779.5217776,True,False,False,true_loss,True,True
2026-01-01 04:43:00,consumer_002,steady,283,117574497.0,111910766.0,0.9518285755455964,0.9508898264020164,True,0.0,507832576.28714144,True,False,False,true_loss,True,True
2026-01-01 04:44:00,consumer_002,steady,284,116953680.0,111026222.0,0.9493179008988858,0.9509074046068591,True,0.0,513432881.514812,True,False,False,true_loss,True,True
2026-01-01 04:45:00,consumer_002,steady,285,125257088.0,119134180.0,0.9511172732995358,0.9508958987360713,True,0.0,519431106.81339407,True,False,False,true_loss,True,True
2026-01-01 04:46:00,consumer_002,steady,286,113037713.0,107279802.0,0.9490620356057629,0.9508938892002413,True,0.0,524844225.71590614,True,False,False,true_loss,True,True
2026-01-01 04:47:00,consumer_002,steady,287,114295221.0,108980151.0,0.9534970057934443,0.950891121170613,True,0.0,530318418.3371819,True,False,False,true_loss,True,True
2026-01-01 04:48:00,consumer_002,steady,288,124135613.0,118094810.0,0.9513370671476847,0.9509502555147273,True,0.0,536262771.1932626,True,False,False,true_loss,True,True
2026-01-01 04:49:00,consumer_002,steady,289,116535543.0,110770746.0,0.9505318561908619,0.9508926073739055,True,0.0,541842772.6022258,True,False,False,true_loss,True,True
2026-01-01 04:50:00,consumer_002,steady,290,111974056.0,106115677.0,0.9476809253029113,0.9508431657455823,True,0.0,547205370.0604615,True,False,False,true_loss,True,True
2026-01-01 04:51:00,consumer_002,steady,291,117811280.0,112242772.0,0.9527336601384859,0.9509116742137993,True,0.0,552847233.6408651,True,False,False,true_loss,True,True
2026-01-01 04:52:00,consumer_002,steady,292,118296695.0,112635031.0,0.9521401337543708,0.9509086912060141,True,0.0,558512508.5745353,True,False,False,true_loss,True,True
2026-01-01 04:53:00,consumer_002,steady,293,119801263.0,113940646.0,0.9510805073899763,0.9508931361761812,True,0.0,564250504.1631408,True,False,False,true_loss,True,True
2026-01-01 04:54:00,consumer_002,steady,294,117288218.0,111540348.0,0.9509936283625692,0.9509136436166226,True,0.0,569867612.726432,True,False,False,true_loss,True,True
2026-01-01 04:55:00,consumer_002,steady,295,114518263.0,108874245.0,0.9507151274203312,0.9509158445654012,True,0.0,575351336.480743,True,False,False,true_loss,True,True
2026-01-01 04:56:00,consumer_002,steady,296,117701538.0,111713771.0,0.94912753816352,0.9508609817834253,True,0.0,580987468.8907657,True,False,False,true_loss,True,True
2026-01-01 04:57:00,consumer_002,steady,297,117600281.0,111855917.0,0.9511534840635287,0.9508838946966114,True,0.0,586620044.3515284,True,False,False,true_loss,True,False
2026-01-01 04:58:00,consumer_002,steady,298,112739931.0,108928777.0,0.9661951717887782,0.9511273649116796,True,0.0,590261291.3036574,True,False,False,true_loss,True,False
2026-01-01 04:59:00,consumer_002,steady,299,124471499.0,124398850.0,0.9994163402820432,0.9519750847017044,True,0.0,590261291.3036574,False,False,False,normal,False,False
2026-01-01 05:00:00,consumer_002,steady,300,118907221.0,118822060.0,0.9992838029576017,0.9527788501776828,True,0.0,590261291.3036574,False,False,False,normal,False,False
2026-01-01 05:01:00,consumer_002,steady,301,115568367.0,115445106.0,0.9989334365172782,0.9536108165107963,True,0.0,590261291.3036574,False,False,False,normal,False,False
2026-01-01 05:02:00,consumer_002,steady,302,117318391.0,117149777.0,0.9985627658326818,0.9543825939615566,True,0.0,590261291.3036574,False,False,False,normal,False,False
2026-01-01 05:03:00,consumer_002,steady,303,119977159.0,119623044.0,0.9970484798694058,0.9551872714424133,True,0.0,590261291.3036574,False,False,False,normal,False,False
2026-01-01 05:04:00,consumer_002,steady,304,65642388.0,65678246.0,1.0005462628812347,0.9556832370999583,True,0.0,590261291.3036574,False,False,False,normal,False,False
2026-01-01 05:05:00,consumer_002,steady,305,116151770.0,116082539.0,0.9994039608694728,0.9564945933544181,True,0.0,590261291.3036574,False,False,False,normal,False,False
2026-01-01 05:06:00,consumer_002,steady,306,117116079.0,116697958.0,0.9964298582776153,0.9572322272800201,True,0.0,590261291.3036574,False,False,False,normal,False,False
2026-01-01 05:07:00,consumer_002,steady,307,116629157.0,116588225.0,0.9996490414485291,0.958055341674869,True,0.0,590261291.3036574,False,False,False,normal,False,False
2026-01-01 05:08:00,consumer_002,steady,308,119125772.0,119024477.0,0.9991496802220093,0.9588357155152779,True,0.0,590261291.3036574,False,False,False,normal,False,False
2026-01-01 05:09:00,consumer_002,steady,309,116378681.0,116153473.0,0.998064868942792,0.9596330231797888,True,0.0,590261291.3036574,False,False,False,normal,False,False
2026-01-01 05:10:00,consumer_002,steady,310,120439658.0,120306304.0,0.9988927733421494,0.9604595658119142,True,0.0,590261291.3036574,False,False,False,normal,False,False
2026-01-01 05:11:00,consumer_002,steady,311,113653353.0,113509544.0,0.9987346699749369,0.9612391944130835,True,0.0,590261291.3036574,False,False,False,normal,False,False
2026-01-01 05:12:00,consumer_002,steady,312,117023593.0,116991337.0,0.9997243632743357,0.9620514837294775,True,0.0,590261291.3036574,False,False,False,normal,False,False
2026-01-01 05:13:00,consumer_002,steady,313,118813916.0,118527610.0,0.9975902991026742,0.9628383325870027,True,0.0,590261291.3036574,False,False,False,normal,False,False
2026-01-01 05:14:00,consumer_002,steady,314,112417089.0,112074454.0,0.9969521093007487,0.9635729312363874,True,0.0,590261291.3036574,False,False,False,normal,False,False
2026-01-01 05:15:00,consumer_002,steady,315,112136703.0,112115518.0,0.9998110788044126,0.9643695588776817,True,0.0,590261291.3036574,False,False,False,normal,False,False
2026-01-01 05:16:00,consumer_002,steady,316,118296048.0,118310099.0,1.0001187782705978,0.965181827093638,True,0.0,590261291.3036574,False,False,False,normal,False,False
2026-01-01 05:17:00,consumer_002,steady,317,115822664.0,115476997.0,0.9970155495646345,0.9659563308536064,True,0.0,590261291.3036574,False,False,False,normal,False,False
2026-01-01 05:18:00,consumer_002,steady,318,116340059.0,116379266.0,1.0003370034392023,0.966753315233899,True,0.0,590261291.3036574,False,False,False,normal,False,False
2026-01-01 05:19:00,consumer_002,steady,319,116565003.0,116224894.0,0.9970822374533804,0.9675461172392191,True,0.0,590261291.3036574,False,False,False,normal,False,False
2026-01-01 05:20:00,consumer_002,steady,320,117302326.0,117288183.0,0.9998794312058228,0.968342873200776,True,0.0,590261291.3036574,False,False,False,normal,False,False
2026-01-01 05:21:00,consumer_002,steady,321,124942318.0,124484046.0,0.9963321314400458,0.9691364304481069,True,0.0,590261291.3036574,False,False,False,normal,False,False
2026-01-01 05:22:00,consumer_002,steady,322,122857051.0,122768341.0,0.9992779413206003,0.9699865422957894,True,0.0,590261291.3036574,False,False,False,normal,False,False
2026-01-01 05:23:00,consumer_002,steady,323,118238930.0,118215849.0,0.9998047935650297,0.970798488854987,True,0.0,590261291.3036574,False,False,False,normal,False,False
2026-01-01 05:24:00,consumer_002,steady,324,120078553.0,119933573.0,0.9987926236919261,0.9715979963116599,True,0.0,590261291.3036574,False,False,False,normal,False,False
2026-01-01 05:25:00,consumer_002,steady,325,118801298.0,118706347.0,0.9992007578907093,0.9724153491195973,True,0.0,590261291.3036574,False,False,False,normal,False,False
2026-01-01 05:26:00,consumer_002,steady,326,122778783.0,122689226.0,0.9992705824425707,0.9732518284796827,True,0.0,590261291.3036574,False,False,False,normal,False,False
2026-01-01 05:27:00,consumer_002,steady,327,107909173.0,107651754.0,0.9976144845443307,0.9739894364580023,True,0.0,590261291.3036574,False,False,False,normal,False,False
2026-01-01 05:28:00,consumer_002,steady,328,124208690.0,123587107.0,0.9949956561010345,0.9747625855173195,True,0.0,590261291.3036574,False,False,False,normal,False,False
2026-01-01 05:29:00,consumer_002,steady,329,121180430.0,121565115.0,1.0031744812260528,0.9756790422353363,True,0.0,590261291.3036574,False,False,False,normal,False,False
2026-01-01 05:30:00,consumer_002,steady,330,115512376.0,115316866.0,0.9983074540861319,0.9765033220567813,True,0.0,590261291.3036574,False,False,False,normal,False,False
2026-01-01 05:31:00,consumer_002,steady,331,116976594.0,116887157.0,0.999235428243021,0.9773016450078077,True,0.0,590261291.3036574,False,False,False,normal,False,False
2026-01-01 05:32:00,consumer_002,steady,332,120314942.0,119903471.0,0.9965800507139005,0.978051472712274,True,0.0,590261291.3036574,False,False,False,normal,False,False
2026-01-01 05:33:00,consumer_002,steady,333,116825170.0,116963398.0,1.0011832039277153,0.9789270171678219,True,0.0,590261291.3036574,False,False,False,normal,False,False
2026-01-01 05:34:00,consumer_002,steady,334,116860114.0,116619651.0,0.9979423004841498,0.9797378143120401,True,0.0,590261291.3036574,False,False,False,normal,False,False
2026-01-01 05:35:00,consumer_002,steady,335,118267907.0,118180934.0,0.9992646103054821,0.9805118021873451,True,0.0,590261291.3036574,False,False,False,normal,False,False
2026-01-01 05:36:00,consumer_002,steady,336,118238531.0,117941431.0,0.9974872827200466,0.9812897896471416,True,0.0,590261291.3036574,False,False,False,normal,False,False
2026-01-01 05:37:00,consumer_002,steady,337,121269826.0,120891206.0,0.996877871334622,0.9820917190494479,True,0.0,590261291.3036574,False,False,False,normal,False,False
2026-01-01 05:38:00,consumer_002,steady,338,112588134.0,112794306.0,1.0018312054092664,0.9829591951288175,True,0.0,590261291.3036574,False,False,False,normal,False,False
2026-01-01 05:39:00,consumer_002,steady,339,121846411.0,121424680.0,0.9965388311683633,0.9837555275133001,True,0.0,590261291.3036574,False,False,False,normal,False,False
2026-01-01 05:40:00,consumer_002,steady,340,117098069.0,117278568.0,1.001541434470623,0.984563709474323,True,0.0,590261291.3036574,False,False,False,normal,False,False
2026-01-01 05:41:00,consumer_002,steady,341,120007655.0,119802375.0,0.9982894424526502,0.9853991727794481,True,0.0,590261291.3036574,False,False,False,normal,False,False
2026-01-01 05:42:00,consumer_002,steady,342,115864849.0,115505196.0,0.996895926563543,0.9861338424814584,True,0.0,590261291.3036574,False,False,False,normal,False,False
2026-01-01 05:43:00,consumer_002,steady,343,121747709.0,121664581.0,0.999317210971091,0.9869372198594281,True,0.0,590261291.3036574,False,False,False,normal,False,False
2026-01-01 05:44:00,consumer_002,steady,344,118569468.0,118445333.0,0.9989530610021797,0.987766902119408,True,0.0,590261291.3036574,False,False,False,normal,False,False
2026-01-01 05:45:00,consumer_002,steady,345,119567360.0,119321500.0,0.9979437532115788,0.9885948359694695,True,0.0,590261291.3036574,False,False,False,normal,False,False
2026-01-01 05:46:00,consumer_002,steady,346,117920502.0,117870799.0,0.999578504168851,0.9894159898200667,True,0.0,590261291.3036574,False,False,False,normal,False,False
2026-01-01 05:47:00,consumer_002,steady,347,121783944.0,121419172.0,0.9970047611530795,0.9901317624883464,False,0.0,590261291.3036574,False,False,False,normal,False,False
2026-01-01 05:48:00,consumer_002,steady,348,128624924.0,128796432.0,1.0013333963174975,0.9910215926345349,False,0.0,590261291.3036574,False,False,False,normal,False,False
2026-01-01 05:49:00,consumer_002,steady,349,115740659.0,115628971.0,0.999035014998489,0.9918246668585968,False,0.0,590261291.3036574,False,False,False,normal,False,False
2026-01-01 05:50:00,consumer_002,steady,350,123622979.0,123274374.0,0.9971800954578194,0.9926205955795404,False,0.0,590261291.3036574,False,False,False,normal,False,False
2026-01-01 05:51:00,consumer_002,steady,351,119532283.0,119349962.0,0.9984747133123861,0.9933870671759936,False,0.0,590261291.3036574,False,False,False,normal,False,False
2026-01-01 05:52:00,consumer_002,steady,352,125499040.0,124894276.0,0.9951811264851109,0.9941110089397149,False,0.0,590261291.3036574,False,False,False,normal,False,False
2026-01-01 05:53:00,consumer_002,steady,353,117724253.0,118137331.0,1.0035088606593239,0.9949992928387623,False,0.0,590261291.3036574,False,False,False,normal,False,False
2026-01-01 05:54:00,consumer_002,steady,354,116153595.0,116119208.0,0.9997039523400029,0.9958091627905735,False,0.0,590261291.3036574,False,False,False,normal,False,False
2026-01-01 05:55:00,consumer_002,steady,355,115816641.0,115614801.0,0.9982572452606358,0.996581972547494,False,0.0,590261291.3036574,False,False,False,normal,False,False
2026-01-01 05:56:00,consumer_002,steady,356,121587400.0,121202537.0,0.9968346802382484,0.9973782565435619,False,0.0,590261291.3036574,False,False,False,normal,False,False
2026-01-01 05:57:00,consumer_002,steady,357,115944229.0,115918646.0,0.9997793508118459,0.9981886615428529,False,0.0,590261291.3036574,False,False,False,normal,False,False
2026-01-01 05:58:00,consumer_002,steady,358,125717530.0,125457542.0,0.9979319670057151,0.9986946798496315,False,0.0,590261291.3036574,False,False,False,normal,False,False
2026-01-01 05:59:00,consumer_002,steady,359,125495864.0,125654442.0,1.0012636113649132,0.9987275960487199,False,0.0,590261291.3036574,False,False,False,normal,False,False
2026-01-01 00:00:00,consumer_003,bursty_ml,0,,,,,False,70305401.31721228,0.0,False,True,True,benign_burst,False,False
2026-01-01 00:01:00,consumer_003,bursty_ml,1,359522470.0,314801853.0,0.87561106542242,,False,102127421.13483614,0.0,False,True,False,benign_burst,False,False
2026-01-01 00:02:00,consumer_003,bursty_ml,2,55341244.0,182255152.0,3.293296984794921,,False,6718955.436138308,0.0,False,False,False,normal,False,False
2026-01-01 00:03:00,consumer_003,bursty_ml,3,29179852.0,35806129.0,1.2270839824684512,,False,0.0,0.0,False,False,False,normal,False,False
2026-01-01 00:04:00,consumer_003,bursty_ml,4,31200356.0,31041376.0,0.9949045453199316,,False,0.0,0.0,False,False,False,normal,False,False
2026-01-01 00:05:00,consumer_003,bursty_ml,5,51679927.0,51688937.0,1.0001743423515286,,False,0.0,0.0,False,False,False,normal,False,False
2026-01-01 00:06:00,consumer_003,bursty_ml,6,28281968.0,28206788.0,0.9973417691442124,,False,0.0,0.0,False,False,False,normal,False,False
2026-01-01 00:07:00,consumer_003,bursty_ml,7,30753919.0,30715166.0,0.9987399004335025,,False,0.0,0.0,False,False,False,normal,False,False
2026-01-01 00:08:00,consumer_003,bursty_ml,8,30310974.0,30248240.0,0.9979303205499104,,False,0.0,0.0,False,False,False,normal,False,False
2026-01-01 00:09:00,consumer_003,bursty_ml,9,30465782.0,30365163.0,0.996697311101353,,False,0.0,0.0,False,False,False,normal,False,False
2026-01-01 00:10:00,consumer_003,bursty_ml,10,51283520.0,51145734.0,0.9973132499485214,,False,0.0,0.0,False,False,False,normal,False,False
2026-01-01 00:11:00,consumer_003,bursty_ml,11,37877035.0,37799873.0,0.9979628289278715,,False,0.0,0.0,False,False,False,normal,False,False
2026-01-01 00:12:00,consumer_003,bursty_ml,12,29565884.0,29549266.0,0.9994379332611871,,False,0.0,0.0,False,False,False,normal,False,False
2026-01-01 00:13:00,consumer_003,bursty_ml,13,29799756.0,29713596.0,0.9971087011584927,,False,0.0,0.0,False,False,False,normal,False,False
2026-01-01 00:14:00,consumer_003,bursty_ml,14,48773200.0,43551323.0,0.8929355260675945,,False,5101266.275383795,0.0,False,False,False,normal,False,False
2026-01-01 00:15:00,consumer_003,bursty_ml,15,35992968.0,41071517.0,1.1410983667698646,,False,0.0,0.0,False,False,False,normal,False,False
2026-01-01 00:16:00,consumer_003,bursty_ml,16,30498686.0,30417183.0,0.9973276553619392,,False,0.0,0.0,False,False,False,normal,False,False
2026-01-01 00:17:00,consumer_003,bursty_ml,17,55940044.0,49909715.0,0.8922001384196265,,False,5361051.254727885,0.0,False,False,False,normal,False,False
2026-01-01 00:18:00,consumer_003,bursty_ml,18,54952168.0,60791873.0,1.1062688736866577,,False,0.0,0.0,False,False,False,normal,False,False
2026-01-01 00:19:00,consumer_003,bursty_ml,19,80525633.0,70646635.0,0.8773185924536601,,False,9693897.221668435,0.0,False,False,False,normal,False,False
2026-01-01 00:20:00,consumer_003,bursty_ml,20,34019064.0,43675254.0,1.2838464338701383,,False,0.0,0.0,False,False,False,normal,False,False
2026-01-01 00:21:00,consumer_003,bursty_ml,21,30047479.0,29988817.0,0.9980476897912134,,False,0.0,0.0,False,False,False,normal,False,False
2026-01-01 00:22:00,consumer_003,bursty_ml,22,,,,,False,0.0,0.0,False,False,False,normal,False,False
2026-01-01 00:23:00,consumer_003,bursty_ml,23,33131717.0,33062976.0,0.9979252207182622,,False,0.0,0.0,False,False,False,normal,False,False
2026-01-01 00:24:00,consumer_003,bursty_ml,24,51077736.0,50983463.0,0.9981543230498705,,False,0.0,0.0,False,False,False,normal,False,False
2026-01-01 00:25:00,consumer_003,bursty_ml,25,56567883.0,55518008.0,0.9814404403290115,,False,158374.08882072754,0.0,False,False,False,normal,False,False
2026-01-01 00:26:00,consumer_003,bursty_ml,26,31259652.0,32121678.0,1.0275763146691461,,False,0.0,0.0,False,False,False,normal,False,False
2026-01-01 00:27:00,consumer_003,bursty_ml,27,31142440.0,31049710.0,0.9970223913090946,,False,0.0,0.0,False,False,False,normal,False,False
2026-01-01 00:28:00,consumer_003,bursty_ml,28,45615887.0,41158393.0,0.9022819834677335,,False,4397209.400294319,0.0,False,False,False,normal,False,False
2026-01-01 00:29:00,consumer_003,bursty_ml,29,90550964.0,58754899.0,0.6488600055102671,,False,30746531.736713104,0.0,False,False,False,normal,False,False
2026-01-01 00:30:00,consumer_003,bursty_ml,30,63498214.0,99397939.0,1.5653659014724415,,False,0.0,0.0,False,False,False,normal,False,False
2026-01-01 00:31:00,consumer_003,bursty_ml,31,30155515.0,30096892.0,0.9980559774886949,,False,0.0,0.0,False,False,False,normal,False,False
2026-01-01 00:32:00,consumer_003,bursty_ml,32,53474103.0,53304056.0,0.9968200121094131,,False,0.0,0.0,False,False,False,normal,False,False
2026-01-01 00:33:00,consumer_003,bursty_ml,33,31875494.0,31873178.0,0.9999273423025224,,False,0.0,0.0,False,False,False,normal,False,False
2026-01-01 00:34:00,consumer_003,bursty_ml,34,52919543.0,46417213.0,0.8771280016533779,,False,6359468.649116842,0.0,False,False,False,normal,False,False
2026-01-01 00:35:00,consumer_003,bursty_ml,35,32939627.0,39261138.0,1.1919120395625609,,False,0.0,0.0,False,False,False,normal,False,False
2026-01-01 00:36:00,consumer_003,bursty_ml,36,28898128.0,28871423.0,0.9990758916978982,,False,0.0,0.0,False,False,False,normal,False,False
2026-01-01 00:37:00,consumer_003,bursty_ml,37,30503140.0,30410585.0,0.9969657222174504,,False,0.0,0.0,False,False,False,normal,False,False
2026-01-01 00:38:00,consumer_003,bursty_ml,38,30563689.0,30505329.0,0.9980905446328812,,False,0.0,0.0,False,False,False,normal,False,False
2026-01-01 00:39:00,consumer_003,bursty_ml,39,32585713.0,32461366.0,0.9961840024798598,,False,0.0,0.0,False,False,False,normal,False,False
2026-01-01 00:40:00,consumer_003,bursty_ml,40,53696663.0,53543625.0,0.9971499532475603,,False,0.0,0.0,False,False,False,normal,False,False
2026-01-01 00:41:00,consumer_003,bursty_ml,41,31053871.0,31070917.0,1.0005489170738167,,False,0.0,0.0,False,False,False,normal,False,False
2026-01-01 00:42:00,consumer_003,bursty_ml,42,31757418.0,31722485.0,0.9989000050318952,,False,0.0,0.0,False,False,False,normal,False,False
2026-01-01 00:43:00,consumer_003,bursty_ml,43,30494477.0,30396430.0,0.9967847620406803,,False,0.0,0.0,False,False,False,normal,False,False
2026-01-01 00:44:00,consumer_003,bursty_ml,44,104441307.0,94702302.0,0.9067514063185746,,False,7952356.8696931265,0.0,False,False,False,normal,False,False
2026-01-01 00:45:00,consumer_003,bursty_ml,45,31495662.0,40846889.0,1.2969052372990286,,False,0.0,0.0,False,False,False,normal,False,False
2026-01-01 00:46:00,consumer_003,bursty_ml,46,31983148.0,31941070.0,0.9986843696561701,,False,0.0,0.0,False,False,False,normal,False,False
2026-01-01 00:47:00,consumer_003,bursty_ml,47,31993421.0,31987373.0,0.9998109611347908,,False,0.0,0.0,False,False,False,normal,False,False
2026-01-01 00:48:00,consumer_003,bursty_ml,48,30754988.0,30709429.0,0.9985186467964156,,False,0.0,0.0,False,False,False,normal,False,False
2026-01-01 00:49:00,consumer_003,bursty_ml,49,43032813.0,36820176.0,0.8556302373261074,,False,5008418.501751825,0.0,False,False,False,normal,False,False
2026-01-01 00:50:00,consumer_003,bursty_ml,50,91011346.0,91916287.0,1.0099431668662497,,False,4999503.162751511,0.0,False,False,False,normal,False,False
2026-01-01 00:51:00,consumer_003,bursty_ml,51,47264718.0,52173442.0,1.1038559883082344,,False,0.0,0.0,False,False,False,normal,False,False
2026-01-01 00:52:00,consumer_003,bursty_ml,52,32315707.0,32280726.0,0.9989175232960245,,False,0.0,0.0,False,False,False,normal,False,False
2026-01-01 00:53:00,consumer_003,bursty_ml,53,29808846.0,29755526.0,0.9982112692319589,,False,0.0,0.0,False,False,False,normal,False,False
2026-01-01 00:54:00,consumer_003,bursty_ml,54,55622384.0,52075813.0,0.936238421567835,,False,1983442.2916768268,0.0,False,False,False,normal,False,False
2026-01-01 00:55:00,consumer_003,bursty_ml,55,32430850.0,35830564.0,1.1048296298123546,,False,0.0,0.0,False,False,False,normal,False,False
2026-01-01 00:56:00,consumer_003,bursty_ml,56,40006195.0,39911527.0,0.997633666485903,,False,0.0,0.0,False,False,False,normal,False,False
2026-01-01 00:57:00,consumer_003,bursty_ml,57,55756239.0,54479245.0,0.9770968411266047,,False,0.0,0.0,False,False,False,normal,False,False
2026-01-01 00:58:00,consumer_003,bursty_ml,58,30906731.0,31955976.0,1.0339487537520549,,False,0.0,0.0,False,False,False,normal,False,False
2026-01-01 00:59:00,consumer_003,bursty_ml,59,46809387.0,39790297.0,0.8500495210501261,,False,5773491.472081652,0.0,False,False,False,normal,False,False
2026-01-01 01:00:00,consumer_003,bursty_ml,60,40582142.0,47438654.0,1.1689539206678643,,False,0.0,0.0,False,False,False,normal,False,False
2026-01-01 01:01:00,consumer_003,bursty_ml,61,30581468.0,30572038.0,0.9996916433181037,,False,0.0,0.0,False,False,False,normal,False,False
2026-01-01 01:02:00,consumer_003,bursty_ml,62,31562133.0,31467863.0,0.9970131929930084,,False,0.0,0.0,False,False,False,normal,False,False
2026-01-01 01:03:00,consumer_003,bursty_ml,63,32573353.0,32537586.0,0.9989019552270225,,False,0.0,0.0,False,False,False,normal,False,False
2026-01-01 01:04:00,consumer_003,bursty_ml,64,41589862.0,38430685.0,0.9240397335292914,,False,2138031.504588263,0.0,False,False,False,normal,False,False
2026-01-01 01:05:00,consumer_003,bursty_ml,65,50573669.0,53549295.0,1.0588374555146474,,False,0.0,0.0,False,False,False,normal,False,False
2026-01-01 01:06:00,consumer_003,bursty_ml,66,31890087.0,31833452.0,0.9982240562717812,,False,0.0,0.0,False,False,False,normal,False,False
2026-01-01 01:07:00,consumer_003,bursty_ml,67,45820823.0,44923607.0,0.9804190335036104,,False,0.0,0.0,False,False,False,normal,False,False
2026-01-01 01:08:00,consumer_003,bursty_ml,68,31347921.0,32085791.0,1.0235380840726247,,False,0.0,0.0,False,False,False,normal,False,False
2026-01-01 01:09:00,consumer_003,bursty_ml,69,45547067.0,41637459.0,0.9141633422850257,,False,3228632.9569237586,0.0,False,False,False,normal,False,False
2026-01-01 01:10:00,consumer_003,bursty_ml,70,40814008.0,44531490.0,1.091083482906163,,False,0.0,0.0,False,False,False,normal,False,False
2026-01-01 01:11:00,consumer_003,bursty_ml,71,50536284.0,48978700.0,0.9691788972849685,,False,0.0,0.0,False,False,False,normal,False,False
2026-01-01 01:12:00,consumer_003,bursty_ml,72,31578102.0,32992759.0,1.0447986709270873,,False,0.0,0.0,False,False,False,normal,False,False
2026-01-01 01:13:00,consumer_003,bursty_ml,73,33727626.0,33606747.0,0.9964160240628854,,False,0.0,0.0,False,False,False,normal,False,False
2026-01-01 01:14:00,consumer_003,bursty_ml,74,32556299.0,32528668.0,0.9991512855929969,,False,0.0,0.0,False,False,False,normal,False,False
2026-01-01 01:15:00,consumer_003,bursty_ml,75,64053426.0,63885729.0,0.9973819198991791,,False,0.0,0.0,False,False,False,normal,False,False
2026-01-01 01:16:00,consumer_003,bursty_ml,76,30838634.0,30805088.0,0.9989122086276584,,False,0.0,0.0,False,False,False,normal,False,False
2026-01-01 01:17:00,consumer_003,bursty_ml,77,33456765.0,33445597.0,0.9996661960593022,,False,0.0,0.0,False,False,False,normal,False,False
2026-01-01 01:18:00,consumer_003,bursty_ml,78,32989284.0,32911240.0,0.9976342620834087,,False,0.0,0.0,False,False,False,normal,False,False
2026-01-01 01:19:00,consumer_003,bursty_ml,79,63844546.0,53517635.0,0.8382491278111681,,False,9582361.967126304,0.0,False,False,False,normal,False,False
2026-01-01 01:20:00,consumer_003,bursty_ml,80,79327790.0,89318500.0,1.1259421194010322,,False,0.0,0.0,False,False,False,normal,False,False
2026-01-01 01:21:00,consumer_003,bursty_ml,81,37945455.0,37871733.0,0.9980571586241356,,False,0.0,0.0,False,False,False,normal,False,False
2026-01-01 01:22:00,consumer_003,bursty_ml,82,32810128.0,32723852.0,0.997370446101277,0.9979694476599663,False,0.0,0.0,False,False,False,normal,False,False
2026-01-01 01:23:00,consumer_003,bursty_ml,83,35103311.0,35009188.0,0.9973186859780834,0.9979610898439863,False,0.0,0.0,False,False,False,normal,False,False
2026-01-01 01:24:00,consumer_003,bursty_ml,84,50923718.0,42968162.0,0.8437750362218249,0.9948874641589525,False,6426019.295068424,0.0,False,False,False,normal,False,False
2026-01-01 01:25:00,consumer_003,bursty_ml,85,46079908.0,53892943.0,1.1695540494568695,0.9983457872371796,False,0.0,0.0,False,False,False,normal,False,False
2026-01-01 01:26:00,consumer_003,bursty_ml,86,33060604.0,33005456.0,0.9983319119033639,0.9979871490861686,False,0.0,0.0,False,False,False,normal,False,False
2026-01-01 01:27:00,consumer_003,bursty_ml,87,38029131.0,37914407.0,0.9969832600171694,0.9979839674563387,False,0.0,0.0,False,False,False,normal,False,False
2026-01-01 01:28:00,consumer_003,bursty_ml,88,31773747.0,31743490.0,0.9990477358556421,0.9997145446763425,False,0.0,0.0,False,False,False,normal,False,False
2026-01-01 01:29:00,consumer_003,bursty_ml,89,57997970.0,50755047.0,0.8751176463590019,1.0094946673295397,False,6818199.492781304,0.0,False,False,False,normal,False,False
2026-01-01 01:30:00,consumer_003,bursty_ml,90,36023410.0,43022349.0,1.19428863064324,0.9979560348653527,False,0.0,0.0,False,False,False,normal,False,False
2026-01-01 01:31:00,consumer_003,bursty_ml,91,33001604.0,32983500.0,0.9994514206036773,0.9979746817475532,False,0.0,0.0,False,False,False,normal,False,False
2026-01-01 01:32:00,consumer_003,bursty_ml,92,40882177.0,37023593.0,0.9056169635976088,0.9964724475430261,False,2486075.029739499,0.0,False,False,False,normal,False,False
2026-01-01 01:33:00,consumer_003,bursty_ml,93,32611348.0,36297829.0,1.113042889242113,0.9979650773995987,False,0.0,0.0,False,False,False,normal,False,False
2026-01-01 01:34:00,consumer_003,bursty_ml,94,57569019.0,57490212.0,0.9986310866266455,1.000561399910514,False,0.0,0.0,False,False,False,normal,False,False
2026-01-01 01:35:00,consumer_003,bursty_ml,95,63615597.0,62042711.0,0.9752751514695366,0.9974073567331867,False,52896.39693097025,0.0,False,False,False,normal,False,False
2026-01-01 01:36:00,consumer_003,bursty_ml,96,33870977.0,35161673.0,1.038106252441434,0.9979366419291948,False,0.0,0.0,False,False,False,normal,False,False
2026-01-01 01:37:00,consumer_003,bursty_ml,97,41609061.0,41609902.0,1.0000202119437398,0.9979827153012127,False,0.0,0.0,False,False,False,normal,False,False
2026-01-01 01:38:00,consumer_003,bursty_ml,98,34122107.0,34076956.0,0.9986767815949935,0.997990779779016,False,0.0,0.0,False,False,False,normal,False,False
2026-01-01 01:39:00,consumer_003,bursty_ml,99,49117889.0,42452061.0,0.8642892002137958,0.9954330775352019,False,5390527.773248108,0.0,False,False,False,normal,False,False
2026-01-01 01:40:00,consumer_003,bursty_ml,100,44741932.0,51217424.0,1.14472982525654,0.9980311145926529,False,0.0,0.0,False,False,False,normal,False,False
2026-01-01 01:41:00,consumer_003,bursty_ml,101,33535710.0,33477188.0,0.9982549348142622,0.9980032664009899,False,0.0,0.0,False,False,False,normal,False,False
2026-01-01 01:42:00,consumer_003,bursty_ml,102,32606898.0,32508023.0,0.9969676661668337,0.9979787500516715,False,0.0,0.0,False,False,False,normal,False,False
2026-01-01 01:43:00,consumer_003,bursty_ml,103,34389449.0,34269218.0,0.9965038404657196,0.9979731219927849,False,0.0,0.0,False,False,False,normal,False,False
2026-01-01 01:44:00,consumer_003,bursty_ml,104,48158475.0,42401825.0,0.8804644457699294,0.9995287938268409,False,4636984.009580819,0.0,False,False,False,normal,False,False
2026-01-01 01:45:00,consumer_003,bursty_ml,105,50938262.0,56519969.0,1.109577884695006,0.9980282552792934,False,0.0,0.0,False,False,False,normal,False,False
2026-01-01 01:46:00,consumer_003,bursty_ml,106,55132591.0,52548304.0,0.9531259650031685,0.9970411414721013,False,2331068.796927262,0.0,False,False,False,normal,False,False
2026-01-01 01:47:00,consumer_003,bursty_ml,107,40763460.0,43182501.0,1.0593433678102888,0.9980069059798944,False,0.0,0.0,False,False,False,normal,False,False
2026-01-01 01:48:00,consumer_003,bursty_ml,108,41562344.0,37342295.0,0.8984646053648947,0.9963774884338238,False,2785663.197859332,0.0,False,False,False,normal,False,False
2026-01-01 01:49:00,consumer_003,bursty_ml,109,59359123.0,56552972.0,0.9527258682713354,0.9977285794285152,False,6019079.247894891,0.0,False,False,False,normal,False,False
2026-01-01 01:50:00,consumer_003,bursty_ml,110,35387443.0,42128015.0,1.1904792047280726,1.0000037072087067,False,0.0,0.0,False,False,False,normal,False,False
2026-01-01 01:51:00,consumer_003,bursty_ml,111,34870447.0,34712032.0,0.9954570413163903,0.9979744681180782,False,0.0,0.0,False,False,False,normal,False,False
2026-01-01 01:52:00,consumer_003,bursty_ml,112,43912822.0,43833476.0,0.9981931017778817,0.9979661469998009,False,0.0,0.0,False,False,False,normal,False,False
2026-01-01 01:53:00,consumer_003,bursty_ml,113,34694613.0,34474793.0,0.9936641460736282,0.9979038587223565,False,0.0,0.0,False,False,False,normal,False,False
2026-01-01 01:54:00,consumer_003,bursty_ml,114,60952372.0,60950592.0,0.9999707968707108,0.9993155974337253,False,0.0,0.0,False,False,False,normal,False,False
2026-01-01 01:55:00,consumer_003,bursty_ml,115,32679076.0,32575902.0,0.9968428115898993,0.9979251344484751,False,0.0,0.0,False,False,False,normal,False,False
2026-01-01 01:56:00,consumer_003,bursty_ml,116,32116102.0,31973853.0,0.99557078875886,0.9978996679072,False,0.0,0.0,False,False,False,normal,False,False
2026-01-01 01:57:00,consumer_003,bursty_ml,117,33421648.0,33378957.0,0.9987226542509214,0.9983767476431297,False,0.0,0.0,False,False,False,normal,False,False
2026-01-01 01:58:00,consumer_003,bursty_ml,118,33023597.0,33061536.0,1.0011488451727413,0.9979721422081304,False,0.0,0.0,False,False,False,normal,False,False
2026-01-01 01:59:00,consumer_003,bursty_ml,119,136542498.0,88175230.0,0.6457713260819353,0.9820207428408848,False,41291375.78246537,0.0,False,False,False,normal,False,False
2026-01-01 02:00:00,consumer_003,bursty_ml,120,33954691.0,81957365.0,2.4137273109038158,0.9979591320136434,False,0.0,0.0,False,False,False,normal,False,False
2026-01-01 02:01:00,consumer_003,bursty_ml,121,34175713.0,34069161.0,0.9968822303721945,0.9979242998664792,False,0.0,0.0,False,False,False,normal,False,False
2026-01-01 02:02:00,consumer_003,bursty_ml,122,58440752.0,58367842.0,0.998752411673279,0.9979539215976394,False,0.0,0.0,False,False,False,normal,False,False
2026-01-01 02:03:00,consumer_003,bursty_ml,123,32636172.0,32585079.0,0.9984344671305201,0.9979480868207026,False,0.0,0.0,False,False,False,normal,False,False
2026-01-01 02:04:00,consumer_003,bursty_ml,124,42189693.0,38729072.0,0.917974729041048,0.9978328522427652,False,2240040.1831615027,0.0,False,False,False,normal,False,False
2026-01-01 02:05:00,consumer_003,bursty_ml,125,55216884.0,58448208.0,1.0585205785969378,0.997934680938549,False,0.0,0.0,False,False,False,normal,False,False
2026-01-01 02:06:00,consumer_003,bursty_ml,126,67768269.0,66497702.0,0.9812512991884151,0.9975038657861933,False,0.0,0.0,False,False,False,normal,False,False
2026-01-01 02:07:00,consumer_003,bursty_ml,127,33978763.0,35042614.0,1.0313092916301867,0.9982371877954718,False,0.0,0.0,False,False,False,normal,False,False
2026-01-01 02:08:00,consumer_003,bursty_ml,128,33505414.0,33375842.0,0.9961328040895122,0.9979095644688534,False,0.0,0.0,False,False,False,normal,False,False
2026-01-01 02:09:00,consumer_003,bursty_ml,129,48211655.0,42372801.0,0.8788912349098988,0.9971805505498934,False,4542863.795209849,0.0,False,False,False,normal,False,False
2026-01-01 02:10:00,consumer_003,bursty_ml,130,48794773.0,54442837.0,1.1157514146033634,0.997918477178138,False,0.0,0.0,False,False,False,normal,False,False
2026-01-01 02:11:00,consumer_003,bursty_ml,131,31799419.0,31750083.0,0.9984485251129903,0.9984775554056934,False,0.0,0.0,False,False,False,normal,False,False
2026-01-01 02:12:00,consumer_003,bursty_ml,132,35278450.0,35160502.0,0.9966566558338023,0.9978973287743498,False,0.0,0.0,False,False,False,normal,False,False
2026-01-01 02:13:00,consumer_003,bursty_ml,133,68526434.0,62563006.0,0.9129762392130313,0.9957336602396353,False,5659093.019901475,0.0,False,False,False,normal,False,False
2026-01-01 02:14:00,consumer_003,bursty_ml,134,61931285.0,63511186.0,1.0255105476981463,0.9963764454698467,False,2858019.1975145917,0.0,False,False,False,normal,False,False
2026-01-01 02:15:00,consumer_003,bursty_ml,135,53785738.0,53296866.0,0.9909107503554195,0.9962429995946059,False,4308252.625695469,0.0,False,False,False,normal,False,False
2026-01-01 02:16:00,consumer_003,bursty_ml,136,43763089.0,48188978.0,1.1011329204846578,0.9979135472325459,False,0.0,0.0,False,False,False,normal,False,False
2026-01-01 02:17:00,consumer_003,bursty_ml,137,233256825.0,140614900.0,0.6028329503327502,0.9660971332764834,False,79352886.66119114,10375329.827586468,True,True,False,true_loss,True,True
2026-01-01 02:18:00,consumer_003,bursty_ml,138,293761613.0,288078803.0,0.9806550286064776,0.9671215326037844,False,64405484.760876715,29541585.873619303,True,True,False,true_loss,True,True
2026-01-01 02:19:00,consumer_003,bursty_ml,139,581176652.0,472324946.0,0.8127046129169002,0.9449489313341999,False,109257788.45927382,67431841.17516452,True,True,False,true_loss,True,True
2026-01-01 02:20:00,consumer_003,bursty_ml,140,638053443.0,619382460.0,0.9707375875722686,0.9454440154216798,False,109639783.38896483,111594936.72965556,True,True,False,true_loss,True,True
2026-01-01 02:21:00,consumer_003,bursty_ml,141,374603428.0,281187760.0,0.75062783461768,0.9290445133963275,False,136691511.7463851,134668862.61941275,True,True,False,true_loss,True,True
2026-01-01 02:22:00,consumer_003,bursty_ml,142,306233004.0,382323978.0,1.2484741128686443,0.9487707697782081,False,76286206.21198872,156993309.52765587,True,True,False,true_loss,True,True
2026-01-01 02:23:00,consumer_003,bursty_ml,143,298850169.0,286846971.0,0.9598353983196175,0.9490844286329426,False,66981243.42746252,176241603.53750354,True,True,False,true_loss,True,True
2026-01-01 02:24:00,consumer_003,bursty_ml,144,311839132.0,290119300.0,0.9303492417366015,0.9489951122641117,False,67645666.97532646,195960634.8875415,True,True,False,true_loss,True,True
2026-01-01 02:25:00,consumer_003,bursty_ml,145,591991356.0,307312816.0,0.5191170662971639,0.9042593896985722,False,224572281.85926524,229251639.3339639,True,True,False,true_loss,True,True
2026-01-01 02:26:00,consumer_003,bursty_ml,146,303101193.0,528308165.0,1.743009190333342,0.9448547003302273,True,71894297.8597641,256334772.7130352,True,True,False,true_loss,True,True
2026-01-01 02:27:00,consumer_003,bursty_ml,147,320661825.0,291158932.0,0.9079937469949845,0.9427209182701513,True,74404324.43188518,276606664.17805433,True,True,False,true_loss,True,True
2026-01-01 02:28:00,consumer_003,bursty_ml,148,295856974.0,285931071.0,0.966450332855767,0.9434978596289006,True,70236461.25598954,295364372.5722557,True,True,False,true_loss,True,True
2026-01-01 02:29:00,consumer_003,bursty_ml,149,441724588.0,293092048.0,0.6635176215275569,0.9266761141287149,True,175774495.37883246,319513201.27962065,True,True,False,true_loss,True,True
2026-01-01 02:30:00,consumer_003,bursty_ml,150,896761847.0,666366374.0,0.7430806475869173,0.9048281343930857,True,329083171.6333301,385857065.68095344,True,True,False,true_loss,True,True
2026-01-01 02:31:00,consumer_003,bursty_ml,151,304868325.0,545425221.0,1.7890517848976275,0.9371293576242239,True,79116737.68559244,421456493.47602415,True,True,False,true_loss,True,True
2026-01-01 02:32:00,consumer_003,bursty_ml,152,307618906.0,288378304.0,0.937453122598388,0.9372923394482162,True,77583346.0071983,440937332.25607437,True,True,False,true_loss,True,True
2026-01-01 02:33:00,consumer_003,bursty_ml,153,322350817.0,296582348.0,0.9200607920283322,0.9360106127839722,True,82351251.05585118,461200123.8342621,True,True,False,true_loss,True,True
2026-01-01 02:34:00,consumer_003,bursty_ml,154,613158697.0,345048554.0,0.562739394692138,0.9111755820429064,True,232563028.86362466,495847479.4295831,True,True,False,true_loss,True,True
2026-01-01 02:35:00,consumer_003,bursty_ml,155,429682068.0,619907741.0,1.4427126174602194,0.9342365267628661,True,77494496.12445274,533651933.6811925,True,True,False,true_loss,True,True
2026-01-01 02:36:00,consumer_003,bursty_ml,156,308031982.0,302424865.0,0.9817969648359436,0.9353495923400256,True,69846478.8563124,553469838.3161589,True,True,False,true_loss,True,True
2026-01-01 02:37:00,consumer_003,bursty_ml,157,292617410.0,274321379.0,0.9374745644833641,0.935147773932777,True,70254532.3720848,571723775.4566648,True,True,False,true_loss,True,True
2026-01-01 02:38:00,consumer_003,bursty_ml,158,319031378.0,297060242.0,0.9311317396497595,0.9348204556007701,True,72663942.91000591,591847322.3978609,True,True,False,true_loss,True,True
2026-01-01 02:39:00,consumer_003,bursty_ml,159,287421419.0,273101594.0,0.9501782955152691,0.9355516135315247,True,67624825.38952722,609981335.7186939,True,True,False,true_loss,True,True
2026-01-01 02:40:00,consumer_003,bursty_ml,160,596257680.0,468589276.0,0.7858838413620098,0.9268467192870057,True,134695111.33636725,647584760.1001271,True,True,False,true_loss,True,True
2026-01-01 02:41:00,consumer_003,bursty_ml,161,474627898.0,509256780.0,1.0729600643913266,0.9325362761001876,True,84822260.75041708,681839633.900369,True,True,False,true_loss,True,True
2026-01-01 02:42:00,consumer_003,bursty_ml,162,304311526.0,301001299.0,0.9891222424483521,0.9337920249435847,True,68805086.0675052,701770197.0136389,True,True,False,true_loss,True,True
2026-01-01 02:43:00,consumer_003,bursty_ml,163,409862382.0,361258009.0,0.8814129446014882,0.9318891261812122,True,82676324.14782919,728051143.2121873,True,True,False,true_loss,True,True
2026-01-01 02:44:00,consumer_003,bursty_ml,164,744125770.0,272171627.0,0.3657602491041266,0.8999472681648931,True,424581593.286687,763275840.7416819,True,True,False,true_loss,True,True
2026-01-01 02:45:00,consumer_003,bursty_ml,165,923365747.0,801183389.0,0.8676771816617971,0.8970527795160118,True,517486902.12964857,891592826.6386582,True,True,False,true_loss,True,True
2026-01-01 02:46:00,consumer_003,bursty_ml,166,325185191.0,673886194.0,2.072315138114638,0.9236485591025766,True,110371961.19845118,952046473.1638179,True,True,False,true_loss,True,True
2026-01-01 02:47:00,consumer_003,bursty_ml,167,500359164.0,476370282.0,0.952056675032737,0.9242386995812526,True,98854507.92721254,986305614.2051673,True,True,False,true_loss,True,True
2026-01-01 02:48:00,consumer_003,bursty_ml,168,304367621.0,307037901.0,1.0087732065297446,0.9260282788780574,True,70503969.3613059,1006828424.0801644,True,True,False,true_loss,True,True
2026-01-01 02:49:00,consumer_003,bursty_ml,169,494200896.0,300562797.0,0.6081793850086423,0.9157325652126782,True,142253432.58429155,1036496567.3198954,True,True,False,true_loss,True,True
2026-01-01 02:50:00,consumer_003,bursty_ml,170,1085638230.0,733490593.0,0.6756307697454611,0.8993068190578664,True,484929882.26970965,1131396474.7062092,True,True,False,true_loss,True,True
2026-01-01 02:51:00,consumer_003,bursty_ml,171,312270910.0,651521211.0,2.086397388088439,0.921252661318866,True,97549117.7857416,1185597867.78891,True,True,False,true_loss,True,True
2026-01-01 02:52:00,consumer_003,bursty_ml,172,301989138.0,309935831.0,1.026314499430771,0.9229205747967826,True,69263289.33996782,1205928164.6236749,True,True,False,true_loss,True,True
2026-01-01 02:53:00,consumer_003,bursty_ml,173,123745007.0,185478744.0,1.4988786093001716,0.9269483700118695,True,0.0,1215485512.3428695,True,True,False,true_loss,True,True
2026-01-01 02:54:00,consumer_003,bursty_ml,174,72229193.0,64340772.0,0.8907862503738619,0.9265352636212152,True,4506227.362561215,1217594938.2782102,True,False,False,true_loss,True,True
2026-01-01 02:55:00,consumer_003,bursty_ml,175,46812634.0,45741745.0,0.9771239319710144,0.9265393897887272,True,3549890.955168208,1218931876.6371992,True,False,False,true_loss,True,True
2026-01-01 02:56:00,consumer_003,bursty_ml,176,68300032.0,71259830.0,1.0433352359190695,0.9268753119676805,True,0.0,1221222299.9230185,True,False,False,true_loss,True,True
2026-01-01 02:57:00,consumer_003,bursty_ml,177,35714441.0,34669417.0,0.9707394552248487,0.9268266416688336,True,0.0,1222152497.38081,True,False,False,true_loss,True,True
2026-01-01 02:58:00,consumer_003,bursty_ml,178,37696825.0,36673372.0,0.9728504191002824,0.9267847023381387,True,0.0,1223134419.4030745,True,False,False,true_loss,True,True
2026-01-01 02:59:00,consumer_003,bursty_ml,179,51017144.0,42049412.0,0.8242212068946863,0.9287261387497809,True,5802441.416358214,1224463496.2993605,True,False,False,true_loss,True,True
2026-01-01 03:00:00,consumer_003,bursty_ml,180,84249796.0,85646826.0,1.0165819986080442,0.9262130853622024,True,1190563.1710225046,1227759175.9641542,True,False,False,true_loss,True,True
2026-01-01 03:01:00,consumer_003,bursty_ml,181,90737239.0,83590795.0,0.9212402308163685,0.9260461974046301,True,6248042.758030916,1230727520.0804129,True,False,False,true_loss,True,True
2026-01-01 03:02:00,consumer_003,bursty_ml,182,63451299.0,67725982.0,1.0673695112215118,0.9263208184540884,True,0.0,1232990391.9458375,True,False,False,true_loss,True,True
2026-01-01 03:03:00,consumer_003,bursty_ml,183,36817402.0,35734432.0,0.9705853769910218,0.9262786992506109,True,0.0,1233949064.840066,True,False,False,true_loss,True,True
2026-01-01 03:04:00,consumer_003,bursty_ml,184,67397820.0,59880777.0,0.888467564677908,0.9261509797146606,True,2594127.4713603165,1236047449.9310925,True,False,False,true_loss,True,True
2026-01-01 03:05:00,consumer_003,bursty_ml,185,35691458.0,39894805.0,1.1177689911126634,0.9261236441048255,True,0.0,1237044355.6276248,True,False,False,true_loss,True,True
2026-01-01 03:06:00,consumer_003,bursty_ml,186,34578223.0,33586641.0,0.9713235119109505,0.9259969934269228,True,0.0,1237944907.2201877,True,False,False,true_loss,True,True
2026-01-01 03:07:00,consumer_003,bursty_ml,187,35639177.0,34657937.0,0.9724673776838337,0.9258849689622312,True,0.0,1238873191.2870748,True,False,False,true_loss,True,True
2026-01-01 03:08:00,consumer_003,bursty_ml,188,34548762.0,33528466.0,0.9704679432507596,0.9258375680630351,True,0.0,1239773057.5318725,True,False,False,true_loss,True,True
2026-01-01 03:09:00,consumer_003,bursty_ml,189,39007602.0,37725511.0,0.9671322784722834,0.9260634574798048,True,0.0,1240788978.8157043,True,False,False,true_loss,True,True
2026-01-01 03:10:00,consumer_003,bursty_ml,190,161923892.0,145044970.0,0.8957601513184972,0.925243095632549,True,8282358.702271823,1248867054.092728,True,False,False,true_loss,True,False
2026-01-01 03:11:00,consumer_003,bursty_ml,191,78788243.0,83242819.0,1.056538587870274,0.9257061955204436,True,0.0,1251811133.3259676,True,False,False,true_loss,True,True
2026-01-01 03:12:00,consumer_003,bursty_ml,192,37116106.0,37318751.0,1.005459759167624,0.9257325992516258,True,0.0,1252777790.8898532,True,False,False,true_loss,True,True
2026-01-01 03:13:00,consumer_003,bursty_ml,193,35543019.0,34589886.0,0.973183679191686,0.9258807906210815,True,0.0,1253703431.5022693,True,False,False,true_loss,True,True
2026-01-01 03:14:00,consumer_003,bursty_ml,194,54975328.0,53105112.0,0.9659808123382183,0.9256511984451772,True,0.0,1255300824.1393845,True,False,False,true_loss,True,True
2026-01-01 03:15:00,consumer_003,bursty_ml,195,67570141.0,65456654.0,0.9687215836947861,0.9256165031541697,True,0.0,1257371578.2077656,True,False,False,true_loss,True,False
2026-01-01 03:16:00,consumer_003,bursty_ml,196,49375892.0,47938103.0,0.9708807488480411,0.9253015521131788,True,0.0,1258776527.3996747,True,False,False,true_loss,True,True
2026-01-01 03:17:00,consumer_003,bursty_ml,197,36003567.0,35020494.0,0.9726951221249828,0.9298013965691576,True,0.0,1259714034.8588712,True,False,False,true_loss,True,True
2026-01-01 03:18:00,consumer_003,bursty_ml,198,46488228.0,45055734.0,0.9691858764760833,0.9290233677437718,True,0.0,1261020261.0353527,True,False,False,true_loss,True,True
2026-01-01 03:19:00,consumer_003,bursty_ml,199,40361202.0,39035730.0,0.9671597491075712,0.9332633765495598,True,0.0,1262071266.0414433,True,False,False,true_loss,True,False
2026-01-01 03:20:00,consumer_003,bursty_ml,200,65877992.0,63783251.0,0.9682027193542876,0.9318900475675068,True,0.0,1264126937.6467907,True,False,False,true_loss,True,True
2026-01-01 03:21:00,consumer_003,bursty_ml,201,45537635.0,44209684.0,0.9708383845581792,0.9364127697590882,True,0.0,1265404670.411764,True,False,False,true_loss,True,False
2026-01-01 03:22:00,consumer_003,bursty_ml,202,37521237.0,36443284.0,0.9712708565551823,0.9301858741976993,True,0.0,1266381966.0668054,True,False,False,true_loss,True,True
2026-01-01 03:23:00,consumer_003,bursty_ml,203,35019944.0,34123216.0,0.974393791149409,0.9296942048383587,True,0.0,1267294318.7944994,True,False,False,true_loss,True,True
2026-01-01 03:24:00,consumer_003,bursty_ml,204,36029182.0,35008238.0,0.9716634143955863,0.9297838007581533,True,0.0,1268232536.2215798,True,False,False,true_loss,True,True
2026-01-01 03:25:00,consumer_003,bursty_ml,205,63205379.0,61087167.0,0.9664868396723006,0.9472293259567265,True,0.0,1270046348.0499456,True,False,False,true_loss,True,False
2026-01-01 03:26:00,consumer_003,bursty_ml,206,73054000.0,64335736.0,0.8806600049278616,0.9294479745080849,True,4302748.968079714,1272255837.5964775,True,False,False,true_loss,True,True
2026-01-01 03:27:00,consumer_003,bursty_ml,207,91871953.0,88526730.0,0.9635882019401504,0.930183932450933,True,6011587.684069639,1275408646.047188,True,False,False,true_loss,True,True
2026-01-01 03:28:00,consumer_003,bursty_ml,208,45883622.0,50756229.0,1.1061949076295676,0.9299853004259128,True,0.0,1276943948.9916358,True,False,False,true_loss,True,True
2026-01-01 03:29:00,consumer_003,bursty_ml,209,38882561.0,37787469.0,0.9718359086480954,0.939195358277931,True,0.0,1277956504.996364,True,False,False,true_loss,True,False
2026-01-01 03:30:00,consumer_003,bursty_ml,210,64119835.0,62002704.0,0.9669816524013202,0.9538479476959735,True,0.0,1279889653.852329,True,False,False,true_loss,True,False
2026-01-01 03:31:00,consumer_003,bursty_ml,211,47466967.0,46041528.0,0.9699698739967945,0.9324551927426431,True,0.0,1281220591.4935176,True,False,False,true_loss,True,False
2026-01-01 03:32:00,consumer_003,bursty_ml,212,46333987.0,40780983.0,0.8801526836013486,0.932113900940639,True,2660660.0970726702,1282427183.3761134,True,False,False,true_loss,True,False
2026-01-01 03:33:00,consumer_003,bursty_ml,213,78845639.0,79100175.0,1.0032282825433123,0.932949356222282,True,0.0,1285056493.8737316,True,False,False,true_loss,True,False
2026-01-01 03:34:00,consumer_003,bursty_ml,214,54959601.0,46819222.0,0.8518843140800822,0.9535479864708307,True,6330145.279976413,1286488395.6021328,True,False,False,true_loss,True,False
2026-01-01 03:35:00,consumer_003,bursty_ml,215,64396860.0,69948354.0,1.086207526267585,0.9342307119192859,True,0.0,1288599683.2712855,True,False,False,true_loss,True,False
2026-01-01 03:36:00,consumer_003,bursty_ml,216,44740774.0,43449221.0,0.9711325289097591,0.9329530010695066,True,0.0,1289826633.955537,True,False,False,true_loss,True,False
2026-01-01 03:37:00,consumer_003,bursty_ml,217,37073907.0,35974316.0,0.9703405686376675,0.9329593536369436,True,0.0,1290792497.3284073,True,False,False,true_loss,True,False
2026-01-01 03:38:00,consumer_003,bursty_ml,218,45296312.0,44040124.0,0.9722673227789494,0.9332043880027567,True,0.0,1292060798.5365276,True,False,False,true_loss,True,False
2026-01-01 03:39:00,consumer_003,bursty_ml,219,46762851.0,42821097.0,0.9157075773673423,0.9325986749963248,True,1440644.5464396514,1293278867.2351937,True,False,False,true_loss,True,False
2026-01-01 03:40:00,consumer_003,bursty_ml,220,72854733.0,72738776.0,0.9984083806881839,0.9429878074089795,True,0.0,1295826215.2139866,True,False,False,true_loss,True,False
2026-01-01 03:41:00,consumer_003,bursty_ml,221,33502912.0,32559344.0,0.9718362391901934,0.9357938549065751,True,0.0,1296699173.033733,True,False,False,true_loss,True,False
2026-01-01 03:42:00,consumer_003,bursty_ml,222,66687936.0,59058308.0,0.8855920807025727,0.93340739539709,True,5415139.585176583,1298663072.635502,True,False,False,true_loss,True,False
2026-01-01 03:43:00,consumer_003,bursty_ml,223,57739315.0,61207745.0,1.060070508283654,0.9370533261495431,True,0.0,1300602243.3905172,True,False,False,true_loss,True,False
2026-01-01 03:44:00,consumer_003,bursty_ml,224,44781424.0,42063013.0,0.9392960125609225,0.9965105309177764,False,354628.25366995856,1301768597.347468,True,False,False,true_loss,True,False
2026-01-01 03:45:00,consumer_003,bursty_ml,225,60054915.0,59487118.0,0.9905453700167588,1.0153713056686084,False,0.0,1303646235.3280976,True,False,False,true_loss,True,False
2026-01-01 03:46:00,consumer_003,bursty_ml,226,38083967.0,37009292.0,0.9717814323282026,0.9578223036051704,False,0.0,1304637978.0628955,True,False,False,true_loss,True,False
2026-01-01 03:47:00,consumer_003,bursty_ml,227,37495383.0,36480497.0,0.9729330408493227,0.9584455004283432,False,0.0,1305614450.8308833,True,False,False,true_loss,True,False
2026-01-01 03:48:00,consumer_003,bursty_ml,228,36573685.0,35562489.0,0.9723518152463991,0.9556356293955445,False,0.0,1306566862.8293447,True,False,False,true_loss,True,False
2026-01-01 03:49:00,consumer_003,bursty_ml,229,37410633.0,36231804.0,0.968489466617686,0.9914069728653909,False,0.0,1307541084.553994,True,False,False,true_loss,True,False
2026-01-01 03:50:00,consumer_003,bursty_ml,230,65402775.0,63365395.0,0.9688487223974823,1.0813879031295563,False,0.0,1309561717.6096046,True,False,False,true_loss,True,False
2026-01-01 03:51:00,consumer_003,bursty_ml,231,74958423.0,63252533.0,0.8438348949790473,0.9881304154492563,False,3753486.4709528815,1311918372.1350853,True,False,True,true_loss,True,False
2026-01-01 03:52:00,consumer_003,bursty_ml,232,37280740.0,45964494.0,1.2329286918660949,0.987399767601252,False,0.0,1312338541.6322193,True,False,True,true_loss,True,False
2026-01-01 03:53:00,consumer_003,bursty_ml,233,37087845.0,37007101.0,0.997822898580384,0.9677711478468255,False,0.0,1312338541.6322193,False,False,False,normal,False,False
2026-01-01 03:54:00,consumer_003,bursty_ml,234,39528133.0,39248493.0,0.9929255449530086,0.9698375405897685,False,0.0,1312338541.6322193,False,False,False,normal,False,False
2026-01-01 03:55:00,consumer_003,bursty_ml,235,65768118.0,65726841.0,0.9993723858724375,0.9703393625443857,False,0.0,1312338541.6322193,False,False,False,normal,False,False
2026-01-01 03:56:00,consumer_003,bursty_ml,236,35267432.0,35264418.0,0.9999145387166267,0.9690909408256679,False,0.0,1312338541.6322193,False,False,False,normal,False,False
2026-01-01 03:57:00,consumer_003,bursty_ml,237,35805112.0,35766956.0,0.9989343421129363,0.9694106447935229,False,0.0,1312338541.6322193,False,False,False,normal,False,False
2026-01-01 03:58:00,consumer_003,bursty_ml,238,38215875.0,38124395.0,0.997606230395091,0.9697107245946187,False,0.0,1312338541.6322193,False,False,False,normal,False,False
2026-01-01 03:59:00,consumer_003,bursty_ml,239,39420691.0,39386354.0,0.9991289599667342,0.9724377568329998,False,0.0,1312338541.6322193,False,False,False,normal,False,False
2026-01-01 04:00:00,consumer_003,bursty_ml,240,66809912.0,66524693.0,0.9957308879556674,0.9717466416150715,True,0.0,1312338541.6322193,False,False,False,normal,False,False
2026-01-01 04:01:00,consumer_003,bursty_ml,241,56233333.0,52521859.0,0.9339986836632999,0.9725414793176167,True,3562254.899365252,1312338541.6322193,False,False,False,normal,False,False
2026-01-01 04:02:00,consumer_003,bursty_ml,242,62695441.0,66322160.0,1.057846614397369,0.9723253707669466,True,0.0,1312338541.6322193,False,False,False,normal,False,False
2026-01-01 04:03:00,consumer_003,bursty_ml,243,48553174.0,48435762.0,0.9975817852814318,0.9727407922937646,True,0.0,1312338541.6322193,False,False,False,normal,False,False
2026-01-01 04:04:00,consumer_003,bursty_ml,244,47769370.0,46021441.0,0.9634090003699023,0.9744365981855684,True,767960.6472788043,1312338541.6322193,False,False,False,normal,False,False
2026-01-01 04:05:00,consumer_003,bursty_ml,245,60813010.0,62383051.0,1.025817518323793,0.9737966966651475,True,0.0,1312338541.6322193,False,False,False,normal,False,False
2026-01-01 04:06:00,consumer_003,bursty_ml,246,57440190.0,52459492.0,0.9132889706667057,0.9727151510699493,True,4876125.357427072,1312338541.6322193,False,False,False,normal,False,False
2026-01-01 04:07:00,consumer_003,bursty_ml,247,81224093.0,83909522.0,1.033061975835175,0.9742592968437993,True,0.0,1312338541.6322193,False,False,False,normal,False,False
2026-01-01 04:08:00,consumer_003,bursty_ml,248,36596894.0,38602830.0,1.0548116460375025,0.9752268852529571,True,0.0,1312338541.6322193,False,False,False,normal,False,False
2026-01-01 04:09:00,consumer_003,bursty_ml,249,66541442.0,66370938.0,0.9974376269152688,0.9757857316067975,True,0.0,1312338541.6322193,False,False,False,normal,False,False
2026-01-01 04:10:00,consumer_003,bursty_ml,250,67768779.0,67364224.0,0.9940303631558716,0.9803418597462702,True,0.0,1312338541.6322193,False,False,False,normal,False,False
2026-01-01 04:11:00,consumer_003,bursty_ml,251,36379248.0,36580897.0,1.0055429677930672,0.9786866329691604,True,0.0,1312338541.6322193,False,False,False,normal,False,False
2026-01-01 04:12:00,consumer_003,bursty_ml,252,38753889.0,38676586.0,0.998005284063233,0.9786069368642522,True,0.0,1312338541.6322193,False,False,False,normal,False,False
2026-01-01 04:13:00,consumer_003,bursty_ml,253,39189879.0,39027236.0,0.9958498723611777,0.9788890715784258,True,0.0,1312338541.6322193,False,False,False,normal,False,False
2026-01-01 04:14:00,consumer_003,bursty_ml,254,38024859.0,38022717.0,0.9999436684301709,0.9793823875124071,True,0.0,1312338541.6322193,False,False,False,normal,False,False
2026-01-01 04:15:00,consumer_003,bursty_ml,255,69736405.0,69259911.0,0.9931672130216636,0.9799313099066541,True,0.0,1312338541.6322193,False,False,False,normal,False,False
2026-01-01 04:16:00,consumer_003,bursty_ml,256,37440796.0,37636988.0,1.0052400595329223,0.9803882663531133,True,0.0,1312338541.6322193,False,False,False,normal,False,False
2026-01-01 04:17:00,consumer_003,bursty_ml,257,37106960.0,36932507.0,0.9952986447825422,0.9806602393607967,True,0.0,1312338541.6322193,False,False,False,normal,False,False
2026-01-01 04:18:00,consumer_003,bursty_ml,258,38999895.0,39001306.0,1.000036179584586,0.9810835501119358,True,0.0,1312338541.6322193,False,False,False,normal,False,False
2026-01-01 04:19:00,consumer_003,bursty_ml,259,38097142.0,38119781.0,1.000594244051168,0.981512499749768,True,0.0,1312338541.6322193,False,False,False,normal,False,False
2026-01-01 04:20:00,consumer_003,bursty_ml,260,170678867.0,123239376.0,0.722054101753558,0.9677226857426406,True,38916452.73171412,1312338541.6322193,False,False,False,normal,False,False
2026-01-01 04:21:00,consumer_003,bursty_ml,261,101785372.0,139315856.0,1.368721784501608,0.9804173365504116,True,8946229.149874087,1312338541.6322193,False,False,False,normal,False,False
2026-01-01 04:22:00,consumer_003,bursty_ml,262,46238104.0,55447004.0,1.1991625781195527,0.9836723621443466,True,0.0,1312338541.6322193,False,False,False,normal,False,False
2026-01-01 04:23:00,consumer_003,bursty_ml,263,47733274.0,47636455.0,0.9979716664731608,0.983984717462106,True,0.0,1312338541.6322193,False,False,False,normal,False,False
2026-01-01 04:24:00,consumer_003,bursty_ml,264,55951542.0,54265146.0,0.9698597046708739,0.9838779841411697,True,672198.539524952,1312338541.6322193,False,False,False,normal,False,False
2026-01-01 04:25:00,consumer_003,bursty_ml,265,55412342.0,56712839.0,1.023469446572029,0.9848951223593108,True,0.0,1312338541.6322193,False,False,False,normal,False,False
2026-01-01 04:26:00,consumer_003,bursty_ml,266,36661869.0,36702713.0,1.001114073044121,0.9874596083027782,True,0.0,1312338541.6322193,False,False,False,normal,False,False
2026-01-01 04:27:00,consumer_003,bursty_ml,267,61933669.0,59039067.0,0.9532628690220177,0.9874833160292514,True,2425742.5284691826,1312338541.6322193,False,False,False,normal,False,False
2026-01-01 04:28:00,consumer_003,bursty_ml,268,65391132.0,62139083.0,0.9502677366099122,0.9850135326198092,True,5372771.933576368,1312338541.6322193,False,False,False,normal,False,False
2026-01-01 04:29:00,consumer_003,bursty_ml,269,64464694.0,62928047.0,0.9761629675927725,0.9849954471078078,True,6869947.064788789,1312338541.6322193,False,False,False,normal,False,False
2026-01-01 04:30:00,consumer_003,bursty_ml,270,41130060.0,48324903.0,1.1749290664783858,0.9878034748709761,True,0.0,1312338541.6322193,False,False,False,normal,False,False
2026-01-01 04:31:00,consumer_003,bursty_ml,271,37001352.0,36918200.0,0.9977527307650812,0.9881850915845561,True,0.0,1312338541.6322193,False,False,False,normal,False,False
2026-01-01 04:32:00,consumer_003,bursty_ml,272,35486914.0,35361616.0,0.9964691773423859,0.989855798449758,True,0.0,1312338541.6322193,False,False,False,normal,False,False
2026-01-01 04:33:00,consumer_003,bursty_ml,273,37032417.0,37003507.0,0.9992193326187702,0.9896297420564659,True,0.0,1312338541.6322193,False,False,False,normal,False,False
2026-01-01 04:34:00,consumer_003,bursty_ml,274,50314410.0,44702233.0,0.8884578592892175,0.9904232040688954,False,3984822.416179776,1312338541.6322193,False,False,False,normal,False,False
2026-01-01 04:35:00,consumer_003,bursty_ml,275,73838538.0,75342689.0,1.020370812325672,0.9891610373233486,False,3797541.3702785484,1312338541.6322193,False,False,False,normal,False,False
2026-01-01 04:36:00,consumer_003,bursty_ml,276,46786862.0,50642495.0,1.0824084547495405,0.9908088694450196,False,0.0,1312338541.6322193,False,False,False,normal,False,False
2026-01-01 04:37:00,consumer_003,bursty_ml,277,36690067.0,36456973.0,0.9936469453708002,0.9910839907800432,False,0.0,1312338541.6322193,False,False,False,normal,False,False
2026-01-01 04:38:00,consumer_003,bursty_ml,278,36989461.0,36979736.0,0.9997370872746699,0.9914587533029551,False,0.0,1312338541.6322193,False,False,False,normal,False,False
2026-01-01 04:39:00,consumer_003,bursty_ml,279,38357841.0,38316343.0,0.9989181351473875,0.9926858363794235,False,0.0,1312338541.6322193,False,False,False,normal,False,False
2026-01-01 04:40:00,consumer_003,bursty_ml,280,87433158.0,62532066.0,0.715198529143829,0.9848127794799332,False,21575653.441383563,1312338541.6322193,False,False,False,normal,False,False
2026-01-01 04:41:00,consumer_003,bursty_ml,281,71920951.0,96517019.0,1.341987524608789,0.9930457911869913,False,0.0,1312338541.6322193,False,False,False,normal,False,False
2026-01-01 04:42:00,consumer_003,bursty_ml,282,38422060.0,38361253.0,0.9984173935494349,0.9953901307128151,False,0.0,1312338541.6322193,False,False,False,normal,False,False
2026-01-01 04:43:00,consumer_003,bursty_ml,283,39087605.0,38948193.0,0.9964333450463388,0.994208504992816,False,0.0,1312338541.6322193,False,False,False,normal,False,False
2026-01-01 04:44:00,consumer_003,bursty_ml,284,84310909.0,79304266.0,0.9406169016633423,0.9935579777770198,False,4173683.8229766414,1312338541.6322193,False,False,False,normal,False,False
2026-01-01 04:45:00,consumer_003,bursty_ml,285,97823052.0,93890243.0,0.9597967051774259,0.9925834639779432,False,7840510.920614036,1312338541.6322193,False,False,False,normal,False,False
2026-01-01 04:46:00,consumer_003,bursty_ml,286,36010194.0,44545218.0,1.2370168847188105,0.995580493278963,False,0.0,1312338541.6322193,False,False,False,normal,False,False
2026-01-01 04:47:00,consumer_003,bursty_ml,287,37654807.0,37495228.0,0.9957620550279278,0.9958478769332745,False,0.0,1312338541.6322193,False,False,False,normal,False,False
2026-01-01 04:48:00,consumer_003,bursty_ml,288,65256096.0,65193647.0,0.9990430166095133,0.9961784654334312,False,0.0,1312338541.6322193,False,False,False,normal,False,False
2026-01-01 04:49:00,consumer_003,bursty_ml,289,38772394.0,38724141.0,0.9987554805101795,0.9965299390811492,False,0.0,1312338541.6322193,False,False,False,normal,False,False
2026-01-01 04:50:00,consumer_003,bursty_ml,290,89502767.0,87111714.0,0.9732851499440235,0.9964469908595638,False,665648.2480243035,1312338541.6322193,False,False,False,normal,False,False
2026-01-01 04:51:00,consumer_003,bursty_ml,291,66744707.0,68858486.0,1.0316696123933842,1.0006936587684028,False,0.0,1312338541.6322193,False,False,False,normal,False,False
2026-01-01 04:52:00,consumer_003,bursty_ml,292,37259710.0,37151620.0,0.9970990112376076,0.997986268853345,False,0.0,1312338541.6322193,False,False,False,normal,False,False
2026-01-01 04:53:00,consumer_003,bursty_ml,293,39566722.0,39432646.0,0.9966113947978809,0.9979713941375725,False,0.0,1312338541.6322193,False,False,False,normal,False,False
2026-01-01 04:54:00,consumer_003,bursty_ml,294,84057144.0,49521569.0,0.5891417034107178,0.9876004341443674,False,29949581.34592585,1312338541.6322193,False,False,False,normal,False,False
2026-01-01 04:55:00,consumer_003,bursty_ml,295,129653859.0,163723525.0,1.2627740220212034,0.9979937090494105,False,0.0,1312338541.6322193,False,False,False,normal,False,False
2026-01-01 04:56:00,consumer_003,bursty_ml,296,35516837.0,35456441.0,0.9982995107362742,0.9979767723747822,False,0.0,1312338541.6322193,False,False,False,normal,False,False
2026-01-01 04:57:00,consumer_003,bursty_ml,297,37542545.0,37479182.0,0.998312234825849,0.9979703169220054,False,0.0,1312338541.6322193,False,False,False,normal,False,False
2026-01-01 04:58:00,consumer_003,bursty_ml,298,33325078.0,33281169.0,0.9986824036840964,0.997981536139912,False,0.0,1312338541.6322193,False,False,False,normal,False,False
2026-01-01 04:59:00,consumer_003,bursty_ml,299,41068738.0,40646594.0,0.989721037934012,0.997867004581055,False,0.0,1312338541.6322193,False,False,False,normal,False,False
2026-01-01 05:00:00,consumer_003,bursty_ml,300,61241628.0,61469864.0,1.0037268114427005,0.9980166661250695,False,0.0,1312338541.6322193,False,False,False,normal,False,False
2026-01-01 05:01:00,consumer_003,bursty_ml,301,47572360.0,47478850.0,0.9980343628106741,0.999093857823215,False,0.0,1312338541.6322193,False,False,False,normal,False,False
2026-01-01 05:02:00,consumer_003,bursty_ml,302,38069738.0,37961047.0,0.997144950143865,0.9979613745271483,False,0.0,1312338541.6322193,False,False,False,normal,False,False
2026-01-01 05:03:00,consumer_003,bursty_ml,303,62675662.0,62565080.0,0.9982356468767734,0.997972064139254,False,0.0,1312338541.6322193,False,False,False,normal,False,False
2026-01-01 05:04:00,consumer_003,bursty_ml,304,37418214.0,37289688.0,0.9965651487267672,0.9984532381369791,False,0.0,1312338541.6322193,False,False,False,normal,False,False
2026-01-01 05:05:00,consumer_003,bursty_ml,305,48844151.0,44592645.0,0.9129577254807848,0.9966888324342332,False,2943408.8421956915,1312338541.6322193,False,False,False,normal,False,False
2026-01-01 05:06:00,consumer_003,bursty_ml,306,57601040.0,61541166.0,1.0684037302104268,0.9993840320763078,False,0.0,1312338541.6322193,False,False,False,normal,False,False
2026-01-01 05:07:00,consumer_003,bursty_ml,307,36747853.0,36770500.0,1.0006162809021795,0.9985602429967314,False,0.0,1312338541.6322193,False,False,False,normal,False,False
2026-01-01 05:08:00,consumer_003,bursty_ml,308,93597133.0,87066220.0,0.9302231511728035,0.9960156261766663,False,6039011.858902795,1312338541.6322193,False,False,False,normal,False,False
2026-01-01 05:09:00,consumer_003,bursty_ml,309,148993657.0,100441726.0,0.6741342418355434,0.9819034513515863,False,48718653.321827576,1312338541.6322193,False,False,False,normal,False,False
2026-01-01 05:10:00,consumer_003,bursty_ml,310,93221648.0,147645404.0,1.5838102754845098,0.9980202253735286,False,0.0,1312338541.6322193,False,False,False,normal,False,False
2026-01-01 05:11:00,consumer_003,bursty_ml,311,38628617.0,38434842.0,0.9949836412729972,0.997906331696805,False,0.0,1312338541.6322193,False,False,False,normal,False,False
2026-01-01 05:12:00,consumer_003,bursty_ml,312,37162168.0,37212096.0,1.0013435168798548,0.9979424412973279,False,0.0,1312338541.6322193,False,False,False,normal,False,False
2026-01-01 05:13:00,consumer_003,bursty_ml,313,46737075.0,42029191.0,0.8992687497024578,0.9966251763105086,False,2878880.408445932,1312338541.6322193,False,False,False,normal,False,False
2026-01-01 05:14:00,consumer_003,bursty_ml,314,54319263.0,58425226.0,1.0755894460497375,0.9978301176170632,False,0.0,1312338541.6322193,False,False,False,normal,False,False
2026-01-01 05:15:00,consumer_003,bursty_ml,315,66967769.0,67249569.0,1.0042079944458058,0.9980480294692742,False,0.0,1312338541.6322193,False,False,False,normal,False,False
2026-01-01 05:16:00,consumer_003,bursty_ml,316,48051556.0,47989262.0,0.9987036007741352,0.997979365418188,False,0.0,1312338541.6322193,False,False,False,normal,False,False
2026-01-01 05:17:00,consumer_003,bursty_ml,317,102450298.0,93562177.0,0.9132445568874773,0.9955470710863207,False,8143282.465329938,1312338541.6322193,False,False,False,normal,False,False
2026-01-01 05:18:00,consumer_003,bursty_ml,318,38891442.0,47485504.0,1.2209756583466358,0.9979824262370934,False,0.0,1312338541.6322193,False,False,False,normal,False,False
2026-01-01 05:19:00,consumer_003,bursty_ml,319,101889184.0,70038632.0,0.687400067901221,0.9891446003474246,False,23837883.844767414,1312338541.6322193,False,False,False,normal,False,False
2026-01-01 05:20:00,consumer_003,bursty_ml,320,42009497.0,73529675.0,1.7503107690149207,1.0115407892549093,False,0.0,1312338541.6322193,False,False,False,normal,False,False
2026-01-01 05:21:00,consumer_003,bursty_ml,321,39596232.0,39550138.0,0.998835899335068,1.0007032295962066,False,0.0,1312338541.6322193,False,False,False,normal,False,False
2026-01-01 05:22:00,consumer_003,bursty_ml,322,36371749.0,36263089.0,0.9970125165001001,0.9979576760102927,False,0.0,1312338541.6322193,False,False,False,normal,False,False
2026-01-01 05:23:00,consumer_003,bursty_ml,323,36820990.0,36746155.0,0.9979675994588956,0.9979575865437539,False,0.0,1312338541.6322193,False,False,False,normal,False,False
2026-01-01 05:24:00,consumer_003,bursty_ml,324,50019027.0,43471413.0,0.8690975336245546,0.9965133440831095,False,4415162.25803436,1312338541.6322193,False,False,False,normal,False,False
2026-01-01 05:25:00,consumer_003,bursty_ml,325,163500751.0,137427307.0,0.8405301269839427,0.9887609270276974,False,26225869.66795072,1312338541.6322193,False,False,False,normal,False,False
2026-01-01 05:26:00,consumer_003,bursty_ml,326,36541824.0,68574639.0,1.8766068984405375,0.9979475963831997,False,0.0,1312338541.6322193,False,False,False,normal,False,False
2026-01-01 05:27:00,consumer_003,bursty_ml,327,37314410.0,37259556.0,0.9985299512976354,0.998754272828154,False,0.0,1312338541.6322193,False,False,False,normal,False,False
2026-01-01 05:28:00,consumer_003,bursty_ml,328,37316783.0,37187750.0,0.9965422260541591,0.9996546835821835,False,0.0,1312338541.6322193,False,False,False,normal,False,False
2026-01-01 05:29:00,consumer_003,bursty_ml,329,70681763.0,69369163.0,0.9814294388780314,0.9997205177835732,False,0.0,1312338541.6322193,False,False,False,normal,False,False
2026-01-01 05:30:00,consumer_003,bursty_ml,330,39159624.0,40254175.0,1.02795100892695,0.9979438356530606,False,0.0,1312338541.6322193,False,False,False,normal,False,False
2026-01-01 05:31:00,consumer_003,bursty_ml,331,37216710.0,37141809.0,0.9979874362886993,0.9979463672985273,False,0.0,1312338541.6322193,False,False,False,normal,False,False
2026-01-01 05:32:00,consumer_003,bursty_ml,332,37541599.0,37477464.0,0.9982916284412926,0.9979653953743925,False,0.0,1312338541.6322193,False,False,False,normal,False,False
2026-01-01 05:33:00,consumer_003,bursty_ml,333,56864968.0,56698475.0,0.9970721341125173,0.9979372607659942,False,0.0,1312338541.6322193,False,False,False,normal,False,False
2026-01-01 05:34:00,consumer_003,bursty_ml,334,44181372.0,43164145.0,0.9769761111085459,0.9992655366222986,False,0.0,1312338541.6322193,False,False,False,normal,False,False
2026-01-01 05:35:00,consumer_003,bursty_ml,335,65894176.0,66712866.0,1.0124243150107834,0.999064687447933,False,0.0,1312338541.6322193,False,False,False,normal,False,False
2026-01-01 05:36:00,consumer_003,bursty_ml,336,37788047.0,37628589.0,0.9957802000193342,0.9978926326961233,False,0.0,1312338541.6322193,False,False,False,normal,False,False
2026-01-01 05:37:00,consumer_003,bursty_ml,337,36356195.0,36364056.0,1.0002162217470778,0.9979626251543172,False,0.0,1312338541.6322193,False,False,False,normal,False,False
2026-01-01 05:38:00,consumer_003,bursty_ml,338,37797242.0,37746806.0,0.9986656169251714,0.997951246950991,False,0.0,1312338541.6322193,False,False,False,normal,False,False
2026-01-01 05:39:00,consumer_003,bursty_ml,339,43472429.0,42495213.0,0.97752101682655,0.9976821611480323,False,0.0,1312338541.6322193,False,False,False,normal,False,False
2026-01-01 05:40:00,consumer_003,bursty_ml,340,82218598.0,78349603.0,0.9529425811906936,1.003804659637114,False,4098603.322382789,1312338541.6322193,False,False,False,normal,False,False
2026-01-01 05:41:00,consumer_003,bursty_ml,341,67877284.0,64927602.0,0.9565439006074551,0.9957764344797986,False,5203104.122630835,1312338541.6322193,False,False,False,normal,False,False
2026-01-01 05:42:00,consumer_003,bursty_ml,342,48970676.0,56285000.0,1.1493613034870092,0.9979334788391729,False,0.0,1312338541.6322193,False,False,False,normal,False,False
2026-01-01 05:43:00,consumer_003,bursty_ml,343,37986414.0,37880549.0,0.9972130825510405,0.9979425729361734,False,0.0,1312338541.6322193,False,False,False,normal,False,False
2026-01-01 05:44:00,consumer_003,bursty_ml,344,39421529.0,39307186.0,0.9970994783079064,0.9993569188102219,False,0.0,1312338541.6322193,False,False,False,normal,False,False
2026-01-01 05:45:00,consumer_003,bursty_ml,345,68877302.0,66091466.0,0.9595536422143829,0.999692259820809,False,748339.4438982513,1312338541.6322193,False,False,False,normal,False,False
2026-01-01 05:46:00,consumer_003,bursty_ml,346,48082087.0,50673745.0,1.0539006969477012,0.9979333436047046,False,0.0,1312338541.6322193,False,False,False,normal,False,False
2026-01-01 05:47:00,consumer_003,bursty_ml,347,36440356.0,36282584.0,0.9956704045372115,0.9979331353931153,False,0.0,1312338541.6322193,False,False,False,normal,False,False
2026-01-01 05:48:00,consumer_003,bursty_ml,348,38527175.0,38502034.0,0.9993474476132755,0.997927779348289,False,0.0,1312338541.6322193,False,False,False,normal,False,False
2026-01-01 05:49:00,consumer_003,bursty_ml,349,57574386.0,57378614.0,0.9965996684706286,0.997895544932424,False,0.0,1312338541.6322193,False,False,False,normal,False,False
2026-01-01 05:50:00,consumer_003,bursty_ml,350,69688222.0,69661927.0,0.9996226765550138,0.9985894251814041,False,0.0,1312338541.6322193,False,False,False,normal,False,False
2026-01-01 05:51:00,consumer_003,bursty_ml,351,38681882.0,38519050.0,0.9957904840307408,0.9978917469515306,False,0.0,1312338541.6322193,False,False,False,normal,False,False
2026-01-01 05:52:00,consumer_003,bursty_ml,352,94919819.0,86831020.0,0.9147828231741572,0.9955648499711532,False,8009350.279760489,1312338541.6322193,False,False,False,normal,False,False
2026-01-01 05:53:00,consumer_003,bursty_ml,353,,,,,False,5976572.2486675475,1312338541.6322193,False,False,False,normal,False,False
2026-01-01 05:54:00,consumer_003,bursty_ml,354,131662858.0,90450669.0,0.6869869785144722,,False,26280978.06591744,1312338541.6322193,False,False,False,normal,False,False
2026-01-01 05:55:00,consumer_003,bursty_ml,355,67115982.0,114008994.0,1.6986862234988978,,False,0.0,1312338541.6322193,False,False,False,normal,False,False
2026-01-01 05:56:00,consumer_003,bursty_ml,356,38384254.0,38381520.0,0.999928772876503,,False,0.0,1312338541.6322193,False,False,False,normal,False,False
2026-01-01 05:57:00,consumer_003,bursty_ml,357,47705064.0,47528731.0,0.9963036838185565,,False,0.0,1312338541.6322193,False,False,False,normal,False,False
2026-01-01 05:58:00,consumer_003,bursty_ml,358,37560662.0,37547647.0,0.9996534938601455,,False,0.0,1312338541.6322193,False,False,False,normal,False,False
2026-01-01 05:59:00,consumer_003,bursty_ml,359,39678834.0,39595950.0,0.9979111281344608,,False,0.0,1312338541.6322193,False,False,False,normal,False,False
2026-01-01 00:00:00,consumer_004,steady,0,,,,,False,191305450.69744384,0.0,False,True,True,benign_burst,False,False
2026-01-01 00:01:00,consumer_004,steady,1,814353683.0,874080733.0,1.0733428868154329,,False,164004950.32892564,0.0,False,True,False,benign_burst,False,False
2026-01-01 00:02:00,consumer_004,steady,2,136898853.0,313835550.0,2.2924629616874874,,False,0.0,0.0,False,False,False,normal,False,False
2026-01-01 00:03:00,consumer_004,steady,3,140339538.0,139718474.0,0.9955745614610759,,False,0.0,0.0,False,False,False,normal,False,False
2026-01-01 00:04:00,consumer_004,steady,4,137083468.0,136709135.0,0.9972693060260192,,False,0.0,0.0,False,False,False,normal,False,False
2026-01-01 00:05:00,consumer_004,steady,5,131180311.0,130696739.0,0.9963136846046965,,False,0.0,0.0,False,False,False,normal,False,False
2026-01-01 00:06:00,consumer_004,steady,6,139484801.0,139088672.0,0.9971600561698475,,False,0.0,0.0,False,False,False,normal,False,False
2026-01-01 00:07:00,consumer_004,steady,7,144243357.0,143646579.0,0.9958627002836602,,False,0.0,0.0,False,False,False,normal,False,False
2026-01-01 00:08:00,consumer_004,steady,8,138549282.0,138081254.0,0.9966219384666317,,False,0.0,0.0,False,False,False,normal,False,False
2026-01-01 00:09:00,consumer_004,steady,9,147215868.0,146662115.0,0.9962384965185954,,False,0.0,0.0,False,False,False,normal,False,False
2026-01-01 00:10:00,consumer_004,steady,10,135783536.0,135294228.0,0.9963964114176552,,False,0.0,0.0,False,False,False,normal,False,False
2026-01-01 00:11:00,consumer_004,steady,11,134592318.0,134124375.0,0.9965232562530054,,False,0.0,0.0,False,False,False,normal,False,False
2026-01-01 00:12:00,consumer_004,steady,12,135822122.0,135484679.0,0.9975155519952781,,False,0.0,0.0,False,False,False,normal,False,False
2026-01-01 00:13:00,consumer_004,steady,13,142934704.0,142378075.0,0.9961057113183653,,False,0.0,0.0,False,False,False,normal,False,False
2026-01-01 00:14:00,consumer_004,steady,14,132160495.0,131582021.0,0.9956229431495395,,False,0.0,0.0,False,False,False,normal,False,False
2026-01-01 00:15:00,consumer_004,steady,15,140459921.0,140089930.0,0.9973658606856257,,False,0.0,0.0,False,False,False,normal,False,False
2026-01-01 00:16:00,consumer_004,steady,16,138422186.0,138090154.0,0.9976013093739179,,False,0.0,0.0,False,False,False,normal,False,False
2026-01-01 00:17:00,consumer_004,steady,17,131264507.0,130329318.0,0.9928755379395894,,False,0.0,0.0,False,False,False,normal,False,False
2026-01-01 00:18:00,consumer_004,steady,18,141867622.0,141896563.0,1.0002040000360335,,False,0.0,0.0,False,False,False,normal,False,False
2026-01-01 00:19:00,consumer_004,steady,19,146955807.0,146096423.0,0.9941520922681197,,False,0.0,0.0,False,False,False,normal,False,False
2026-01-01 00:20:00,consumer_004,steady,20,141051642.0,140628145.0,0.9969975748314933,,False,0.0,0.0,False,False,False,normal,False,False
2026-01-01 00:21:00,consumer_004,steady,21,141845617.0,141514939.0,0.9976687471421835,,False,0.0,0.0,False,False,False,normal,False,False
2026-01-01 00:22:00,consumer_004,steady,22,138895663.0,138305623.0,0.995751919194194,,False,0.0,0.0,False,False,False,normal,False,False
2026-01-01 00:23:00,consumer_004,steady,23,149807639.0,149421072.0,0.9974195775156699,,False,0.0,0.0,False,False,False,normal,False,False
2026-01-01 00:24:00,consumer_004,steady,24,139866963.0,139495215.0,0.9973421314653125,,False,0.0,0.0,False,False,False,normal,False,False
2026-01-01 00:25:00,consumer_004,steady,25,140237223.0,139811486.0,0.9969641654983428,,False,0.0,0.0,False,False,False,normal,False,False
2026-01-01 00:26:00,consumer_004,steady,26,141600527.0,140922423.0,0.9952111477664204,,False,0.0,0.0,False,False,False,normal,False,False
2026-01-01 00:27:00,consumer_004,steady,27,140113029.0,139598031.0,0.9963244103444513,,False,0.0,0.0,False,False,False,normal,False,False
2026-01-01 00:28:00,consumer_004,steady,28,151557173.0,151293566.0,0.998260676187197,,False,0.0,0.0,False,False,False,normal,False,False
2026-01-01 00:29:00,consumer_004,steady,29,147767976.0,146850766.0,0.993792904086336,,False,0.0,0.0,False,False,False,normal,False,False
2026-01-01 00:30:00,consumer_004,steady,30,141067381.0,140738671.0,0.9976698369412558,,False,0.0,0.0,False,False,False,normal,False,False
2026-01-01 00:31:00,consumer_004,steady,31,143683006.0,143420861.0,0.998175532324261,,False,0.0,0.0,False,False,False,normal,False,False
2026-01-01 00:32:00,consumer_004,steady,32,135662886.0,135135378.0,0.9961116262851728,,False,0.0,0.0,False,False,False,normal,False,False
2026-01-01 00:33:00,consumer_004,steady,33,139028089.0,138576217.0,0.996749779103991,,False,0.0,0.0,False,False,False,normal,False,False
2026-01-01 00:34:00,consumer_004,steady,34,136080156.0,135541037.0,0.9960382247063267,,False,0.0,0.0,False,False,False,normal,False,False
2026-01-01 00:35:00,consumer_004,steady,35,145704180.0,144984149.0,0.9950582680606692,,False,0.0,0.0,False,False,False,normal,False,False
2026-01-01 00:36:00,consumer_004,steady,36,144763687.0,144496254.0,0.9981526237308394,,False,0.0,0.0,False,False,False,normal,False,False
2026-01-01 00:37:00,consumer_004,steady,37,140304492.0,139934362.0,0.9973619518896087,,False,0.0,0.0,False,False,False,normal,False,False
2026-01-01 00:38:00,consumer_004,steady,38,154649403.0,154095992.0,0.9964215122123685,,False,0.0,0.0,False,False,False,normal,False,False
2026-01-01 00:39:00,consumer_004,steady,39,141473921.0,140945766.0,0.99626676778118,,False,0.0,0.0,False,False,False,normal,False,False
2026-01-01 00:40:00,consumer_004,steady,40,136044444.0,135709855.0,0.9975405904852682,,False,0.0,0.0,False,False,False,normal,False,False
2026-01-01 00:41:00,consumer_004,steady,41,143484873.0,142997071.0,0.9966003245512857,,False,0.0,0.0,False,False,False,normal,False,False
2026-01-01 00:42:00,consumer_004,steady,42,143371120.0,142846704.0,0.9963422480064326,,False,0.0,0.0,False,False,False,normal,False,False
2026-01-01 00:43:00,consumer_004,steady,43,145472761.0,145049493.0,0.9970903968750549,,False,0.0,0.0,False,False,False,normal,False,False
2026-01-01 00:44:00,consumer_004,steady,44,146519540.0,146038931.0,0.9967198299967363,,False,0.0,0.0,False,False,False,normal,False,False
2026-01-01 00:45:00,consumer_004,steady,45,143059165.0,142090352.0,0.9932278858191295,,False,0.0,0.0,False,False,False,normal,False,False
2026-01-01 00:46:00,consumer_004,steady,46,139474341.0,139466715.0,0.9999453232763437,,False,0.0,0.0,False,False,False,normal,False,False
2026-01-01 00:47:00,consumer_004,steady,47,143577878.0,143201424.0,0.9973780501199495,,False,0.0,0.0,False,False,False,normal,False,False
2026-01-01 00:48:00,consumer_004,steady,48,152507107.0,151720435.0,0.9948417354740064,,False,0.0,0.0,False,False,False,normal,False,False
2026-01-01 00:49:00,consumer_004,steady,49,149988972.0,149342526.0,0.9956900431319711,,False,0.0,0.0,False,False,False,normal,False,False
2026-01-01 00:50:00,consumer_004,steady,50,142886260.0,142773486.0,0.999210742866389,,False,0.0,0.0,False,False,False,normal,False,False
2026-01-01 00:51:00,consumer_004,steady,51,143003707.0,142439438.0,0.9960541652252414,,False,0.0,0.0,False,False,False,normal,False,False
2026-01-01 00:52:00,consumer_004,steady,52,145063400.0,144376926.0,0.9952677656803852,,False,0.0,0.0,False,False,False,normal,False,False
2026-01-01 00:53:00,consumer_004,steady,53,149485334.0,148916090.0,0.9961919742574881,,False,0.0,0.0,False,False,False,normal,False,False
2026-01-01 00:54:00,consumer_004,steady,54,149940152.0,149440040.0,0.9966645892155691,,False,0.0,0.0,False,False,False,normal,False,False
2026-01-01 00:55:00,consumer_004,steady,55,151203699.0,150755988.0,0.9970390208509383,,False,0.0,0.0,False,False,False,normal,False,False
2026-01-01 00:56:00,consumer_004,steady,56,146985000.0,146143489.0,0.99427485117529,,False,0.0,0.0,False,False,False,normal,False,False
2026-01-01 00:57:00,consumer_004,steady,57,149986511.0,149897582.0,0.9994070866812816,,False,0.0,0.0,False,False,False,normal,False,False
2026-01-01 00:58:00,consumer_004,steady,58,150681375.0,149994040.0,0.995438487337934,,False,0.0,0.0,False,False,False,normal,False,False
2026-01-01 00:59:00,consumer_004,steady,59,154428934.0,154135145.0,0.9980975780095717,,False,0.0,0.0,False,False,False,normal,False,False
2026-01-01 01:00:00,consumer_004,steady,60,143951934.0,143358724.0,0.9958791105925676,1.0225641378797352,False,0.0,0.0,False,False,False,normal,False,False
2026-01-01 01:01:00,consumer_004,steady,61,146173580.0,145699197.0,0.9967546597682017,1.0172973246941939,False,0.0,0.0,False,False,False,normal,False,False
2026-01-01 01:02:00,consumer_004,steady,62,147586078.0,147007611.0,0.9960804771843046,0.9965824951726372,False,0.0,0.0,False,False,False,normal,False,False
2026-01-01 01:03:00,consumer_004,steady,63,153637768.0,152915778.0,0.9953006997602308,0.9965760378629349,False,0.0,0.0,False,False,False,normal,False,False
2026-01-01 01:04:00,consumer_004,steady,64,146767388.0,146599973.0,0.9988593174391031,0.9966039491293369,False,0.0,0.0,False,False,False,normal,False,False
2026-01-01 01:05:00,consumer_004,steady,65,147830632.0,147178390.0,0.9955879103594714,0.9965909386531417,False,0.0,0.0,False,False,False,normal,False,False
2026-01-01 01:06:00,consumer_004,steady,66,153918326.0,153427200.0,0.9968091778752843,0.9965856339991116,False,0.0,0.0,False,False,False,normal,False,False
2026-01-01 01:07:00,consumer_004,steady,67,144419850.0,143928594.0,0.9965984177382818,0.9965979274136577,False,0.0,0.0,False,False,False,normal,False,False
2026-01-01 01:08:00,consumer_004,steady,68,149449922.0,148874616.0,0.9961505098677803,0.9965898065241625,False,0.0,0.0,False,False,False,normal,False,False
2026-01-01 01:09:00,consumer_004,steady,69,149938757.0,149488648.0,0.9969980476762256,0.9966028676099166,False,0.0,0.0,False,False,False,normal,False,False
2026-01-01 01:10:00,consumer_004,steady,70,155707755.0,155107698.0,0.9961462613085649,0.996597898435954,False,0.0,0.0,False,False,False,normal,False,False
2026-01-01 01:11:00,consumer_004,steady,71,157418763.0,156963201.0,0.9971060501853899,0.9966082608189637,False,0.0,0.0,False,False,False,normal,False,False
2026-01-01 01:12:00,consumer_004,steady,72,142691394.0,142024066.0,0.9953232778705631,0.9965730043378697,False,0.0,0.0,False,False,False,normal,False,False
2026-01-01 01:13:00,consumer_004,steady,73,158192670.0,157699047.0,0.9968796088971759,0.9965862396865847,False,0.0,0.0,False,False,False,normal,False,False
2026-01-01 01:14:00,consumer_004,steady,74,151420676.0,150935515.0,0.9967959395452706,0.9966044590840514,False,0.0,0.0,False,False,False,normal,False,False
2026-01-01 01:15:00,consumer_004,steady,75,151440703.0,150823149.0,0.9959221399018466,0.9965804036982555,False,0.0,0.0,False,False,False,normal,False,False
2026-01-01 01:16:00,consumer_004,steady,76,148975494.0,148467648.0,0.9965910769189998,0.996564438548908,False,0.0,0.0,False,False,False,normal,False,False
2026-01-01 01:17:00,consumer_004,steady,77,150097525.0,149740642.0,0.9976223258844541,0.9966377511710386,False,0.0,0.0,False,False,False,normal,False,False
2026-01-01 01:18:00,consumer_004,steady,78,144209420.0,143627125.0,0.995962156979759,0.996568977119961,False,0.0,0.0,False,False,False,normal,False,False
2026-01-01 01:19:00,consumer_004,steady,79,156801996.0,156387339.0,0.997355537489459,0.9966234587213183,False,0.0,0.0,False,False,False,normal,False,False
2026-01-01 01:20:00,consumer_004,steady,80,163436256.0,162612593.0,0.9949603409906795,0.996586596611569,False,0.0,0.0,False,False,False,normal,False,False
2026-01-01 01:21:00,consumer_004,steady,81,149391311.0,149010166.0,0.9974486802649453,0.9965837927057803,False,0.0,0.0,False,False,False,normal,False,False
2026-01-01 01:22:00,consumer_004,steady,82,158478254.0,157977190.0,0.9968382791496428,0.9966014405678357,False,0.0,0.0,False,False,False,normal,False,False
2026-01-01 01:23:00,consumer_004,steady,83,146923891.0,146363194.0,0.9961837588415079,0.9965806093975373,False,0.0,0.0,False,False,False,normal,False,False
2026-01-01 01:24:00,consumer_004,steady,84,153583425.0,153245096.0,0.9977970995242488,0.9965896920847593,False,0.0,0.0,False,False,False,normal,False,False
2026-01-01 01:25:00,consumer_004,steady,85,157927545.0,157297916.0,0.9960131780684617,0.9965734904497472,False,0.0,0.0,False,False,False,normal,False,False
2026-01-01 01:26:00,consumer_004,steady,86,145421829.0,145131548.0,0.9980038691440196,0.996618716076452,False,0.0,0.0,False,False,False,normal,False,False
2026-01-01 01:27:00,consumer_004,steady,87,156660970.0,155912841.0,0.9952245348665976,0.9965987666889167,False,0.0,0.0,False,False,False,normal,False,False
2026-01-01 01:28:00,consumer_004,steady,88,147535985.0,147025785.0,0.9965418606179367,0.9965694482215535,False,0.0,0.0,False,False,False,normal,False,False
2026-01-01 01:29:00,consumer_004,steady,89,156192402.0,155611671.0,0.9962819510260172,0.9966105678617297,False,0.0,0.0,False,False,False,normal,False,False
2026-01-01 01:30:00,consumer_004,steady,90,153854528.0,153241878.0,0.9960179917486731,0.9965835298842382,False,0.0,0.0,False,False,False,normal,False,False
2026-01-01 01:31:00,consumer_004,steady,91,144106991.0,143799032.0,0.997862983621662,0.9965785444262614,False,0.0,0.0,False,False,False,normal,False,False
2026-01-01 01:32:00,consumer_004,steady,92,159451068.0,158839282.0,0.9961631740215123,0.9965782207830225,False,0.0,0.0,False,False,False,normal,False,False
2026-01-01 01:33:00,consumer_004,steady,93,150851626.0,150125883.0,0.9951890276608619,0.9965520960764656,False,0.0,0.0,False,False,False,normal,False,False
2026-01-01 01:34:00,consumer_004,steady,94,164588580.0,164134088.0,0.997238617648928,0.9965725043501455,False,0.0,0.0,False,False,False,normal,False,False
2026-01-01 01:35:00,consumer_004,steady,95,142716196.0,142205783.0,0.9964235804042871,0.9965947559466151,False,0.0,0.0,False,False,False,normal,False,False
2026-01-01 01:36:00,consumer_004,steady,96,152906985.0,152539842.0,0.9975989128292602,0.9965867298460948,False,0.0,0.0,False,False,False,normal,False,False
2026-01-01 01:37:00,consumer_004,steady,97,152547742.0,152067309.0,0.9968506056287612,0.9965791007023824,False,0.0,0.0,False,False,False,normal,False,False
2026-01-01 01:38:00,consumer_004,steady,98,145062284.0,144625059.0,0.9969859498420692,0.9965883962431134,False,0.0,0.0,False,False,False,normal,False,False
2026-01-01 01:39:00,consumer_004,steady,99,157691804.0,157111202.0,0.9963181218980791,0.9965887169230427,False,0.0,0.0,False,False,False,normal,False,False
2026-01-01 01:40:00,consumer_004,steady,100,155473692.0,154980414.0,0.9968272574372261,0.9965784565799829,False,0.0,0.0,False,False,False,normal,False,False
2026-01-01 01:41:00,consumer_004,steady,101,144373018.0,143989917.0,0.9973464501517867,0.9965904177808947,False,0.0,0.0,False,False,False,normal,False,False
2026-01-01 01:42:00,consumer_004,steady,102,155700723.0,154860775.0,0.9946053686597204,0.9965600962596053,False,0.0,0.0,False,False,False,normal,False,False
2026-01-01 01:43:00,consumer_004,steady,103,151362282.0,151064389.0,0.9980319205282595,0.9965762318511122,False,0.0,0.0,False,False,False,normal,False,False
2026-01-01 01:44:00,consumer_004,steady,104,156520115.0,155895395.0,0.9960086919179685,0.9965640721056244,False,0.0,0.0,False,False,False,normal,False,False
2026-01-01 01:45:00,consumer_004,steady,105,162439915.0,161953706.0,0.9970068378821794,0.9966247228255207,False,0.0,0.0,False,False,False,normal,False,False
2026-01-01 01:46:00,consumer_004,steady,106,152398760.0,151575716.0,0.9945994048770476,0.9965396106397468,False,0.0,0.0,False,False,False,normal,False,False
2026-01-01 01:47:00,consumer_004,steady,107,157057031.0,156986831.0,0.9995530286065321,0.9965784697714707,False,0.0,0.0,False,False,False,normal,False,False
2026-01-01 01:48:00,consumer_004,steady,108,160585743.0,159751785.0,0.9948067743473342,0.9965763085251041,False,0.0,0.0,False,False,False,normal,False,False
2026-01-01 01:49:00,consumer_004,steady,109,160668823.0,160352737.0,0.9980326861546748,0.996616628993029,False,0.0,0.0,False,False,False,normal,False,False
2026-01-01 01:50:00,consumer_004,steady,110,152232312.0,151231194.0,0.9934237483038424,0.9965225823320338,False,0.0,0.0,False,False,False,normal,False,False
2026-01-01 01:51:00,consumer_004,steady,111,158072528.0,157830080.0,0.9984662230492068,0.9965635946261059,False,0.0,0.0,False,False,False,normal,False,False
2026-01-01 01:52:00,consumer_004,steady,112,150252504.0,149776416.0,0.9968314138711458,0.9965885916299885,False,0.0,0.0,False,False,False,normal,False,False
2026-01-01 01:53:00,consumer_004,steady,113,155874596.0,155192064.0,0.9956212749382202,0.9965785774405002,False,0.0,0.0,False,False,False,normal,False,False
2026-01-01 01:54:00,consumer_004,steady,114,143291394.0,143023197.0,0.9981283104831823,0.9966014884061432,False,0.0,0.0,False,False,False,normal,False,False
2026-01-01 01:55:00,consumer_004,steady,115,1025293765.0,547854107.0,0.534338670244425,0.9492165991249606,False,453462858.58598804,126327.94701654704,True,True,False,true_loss,True,True
2026-01-01 01:56:00,consumer_004,steady,116,1844340054.0,1688633124.0,0.9155758019448186,0.9433480417487985,False,533245228.3131544,1831452.557911205,True,True,False,true_loss,True,True
2026-01-01 01:57:00,consumer_004,steady,117,1810497254.0,1892232782.0,1.0451453476769537,0.9565124001571679,False,477941718.1052458,5486292.941220378,True,True,False,true_loss,True,True
2026-01-01 01:58:00,consumer_004,steady,118,1803668213.0,1813581547.0,1.005496207078746,0.9620060991369038,False,498314562.16855544,10863932.2963554,True,True,False,true_loss,True,True
2026-01-01 01:59:00,consumer_004,steady,119,1825621434.0,1808630682.0,0.9906931679900511,0.9648107883471753,False,512768055.39973354,18191338.31299892,True,True,False,true_loss,True,True
2026-01-01 02:00:00,consumer_004,steady,120,1842271792.0,1759919344.0,0.9552984264549821,0.9636142752979315,False,532387876.4444863,27461781.977336988,True,True,False,true_loss,True,True
2026-01-01 02:01:00,consumer_004,steady,121,1797974414.0,1849822856.0,1.02883714117191,0.9692254695854224,False,498611276.69561636,38527986.56431416,True,True,False,true_loss,True,True
2026-01-01 02:02:00,consumer_004,steady,122,1782333097.0,1775685631.0,0.9962703570891497,0.9712669299279788,False,488394922.4889989,51203995.43138631,True,True,False,true_loss,True,True
2026-01-01 02:03:00,consumer_004,steady,123,1857393867.0,1839652384.0,0.990448184784493,0.9726331586099439,False,494890421.8790375,66286170.4649242,True,True,False,true_loss,True,True
2026-01-01 02:04:00,consumer_004,steady,124,1777340060.0,1708916376.0,0.9615021989657961,0.9716880373207772,True,513964874.27669734,82353965.5918042,True,True,False,true_loss,True,True
2026-01-01 02:05:00,consumer_004,steady,125,1801712964.0,1828839882.0,1.0150561818347443,0.9744865097816122,True,485654465.34257615,100846183.1817131,True,True,False,true_loss,True,True
2026-01-01 02:06:00,consumer_004,steady,126,1780916516.0,1749803448.0,0.9825297436906919,0.9748714547094743,True,482342762.40093577,120716940.91043128,True,True,False,true_loss,True,True
2026-01-01 02:07:00,consumer_004,steady,127,1885249406.0,1749570437.0,0.9280312893518556,0.9718260474369304,True,541858730.992239,143259802.54415712,True,True,False,true_loss,True,True
2026-01-01 02:08:00,consumer_004,steady,128,1928009093.0,1927786509.0,0.9998845524117038,0.9734126383950901,True,543229051.661733,168879647.01941007,True,True,False,true_loss,True,True
2026-01-01 02:09:00,consumer_004,steady,129,1749126119.0,1810118431.0,1.0348701624985568,0.9765248268498278,True,440292574.79082483,194687999.68397304,True,True,False,true_loss,True,True
2026-01-01 02:10:00,consumer_004,steady,130,1815344789.0,1676101198.0,0.9232963391617173,0.9736819298754439,True,492307887.1612648,221730851.9276851,True,True,False,true_loss,True,True
2026-01-01 02:11:00,consumer_004,steady,131,1704956314.0,1788344094.0,1.0489090420178355,0.9770844537406549,True,447134413.03513336,249682772.32355064,True,True,False,true_loss,True,True
2026-01-01 02:12:00,consumer_004,steady,132,1754219185.0,1686723154.0,0.9615236045887846,0.9763022118411764,True,472871237.5216728,279428532.7507072,True,True,False,true_loss,True,True
2026-01-01 02:13:00,consumer_004,steady,133,1762088032.0,1753721334.0,0.9952518274637484,0.9770588780847164,True,462266696.35099226,311545935.6168851,True,True,False,true_loss,True,True
2026-01-01 02:14:00,consumer_004,steady,134,1849643626.0,1766617748.0,0.9551125001416895,0.9760093558405667,True,478141842.6249748,346943723.07262665,True,True,False,true_loss,True,True
2026-01-01 02:15:00,consumer_004,steady,135,1819510561.0,1810778101.0,0.9952006544027968,0.9767479707994665,True,477042555.737501,383743428.40305793,True,True,False,true_loss,True,True
2026-01-01 02:16:00,consumer_004,steady,136,1860357746.0,1775756472.0,0.9545241907466974,0.9757614280467751,True,518279876.12656397,422668000.69420105,True,True,False,true_loss,True,True
2026-01-01 02:17:00,consumer_004,steady,137,1883032941.0,1813459591.0,0.9630525050915718,0.9751779370679503,True,525270138.28188384,464583125.0259847,True,True,False,true_loss,True,True
2026-01-01 02:18:00,consumer_004,steady,138,1833127943.0,1829868117.0,0.9982217138675737,0.9759900161522036,True,460735759.20151174,508279838.76545626,True,True,False,true_loss,True,True
2026-01-01 02:19:00,consumer_004,steady,139,1878786360.0,1782002636.0,0.9484860407438768,0.9748905964555872,True,520077208.24564576,552862621.9031581,True,True,False,true_loss,True,True
2026-01-01 02:20:00,consumer_004,steady,140,1857499076.0,1789618757.0,0.9634560684971237,0.97441671630704,True,506285516.4045384,600052201.3538995,True,True,False,true_loss,True,True
2026-01-01 02:21:00,consumer_004,steady,141,1922175708.0,1892965721.0,0.9848036852830729,0.9747255028677093,True,478479960.4506118,651266823.6170847,True,True,False,true_loss,True,True
2026-01-01 02:22:00,consumer_004,steady,142,1878753305.0,1825557066.0,0.9716853517391417,0.9745586522675783,True,519457011.42501473,701662196.0510045,True,True,False,true_loss,True,True
2026-01-01 02:23:00,consumer_004,steady,143,1817635076.0,1758355707.0,0.9673865399151221,0.974273735959889,True,476285879.4877782,753718147.9536924,True,True,False,true_loss,True,True
2026-01-01 02:24:00,consumer_004,steady,144,1836230258.0,1792555975.0,0.9762152470749668,0.9742729211764675,True,488156332.7939095,807007859.929462,True,True,False,true_loss,True,True
2026-01-01 02:25:00,consumer_004,steady,145,1877416922.0,1843083059.0,0.981712179858577,0.9744475768055226,True,479650848.7049456,863958556.218837,True,True,False,true_loss,True,True
2026-01-01 02:26:00,consumer_004,steady,146,1736547215.0,1639702469.0,0.9442314351354968,0.973544543399484,True,482722571.75796634,917513916.5732948,True,True,False,true_loss,True,True
2026-01-01 02:27:00,consumer_004,steady,147,1923822933.0,1857961915.0,0.9657655510440888,0.9732561381460635,True,510766320.7591418,978970099.9496001,True,True,False,true_loss,True,True
2026-01-01 02:28:00,consumer_004,steady,148,1928644363.0,1846847361.0,0.9575883436214414,0.9727419409022904,True,513778335.19029593,1043094330.9894658,True,True,False,true_loss,True,True
2026-01-01 02:29:00,consumer_004,steady,149,1892162808.0,1799349275.0,0.9509484423816029,0.9720734221748961,True,499560623.39914036,1108109088.275255,True,True,False,true_loss,True,True
2026-01-01 02:30:00,consumer_004,steady,150,1713861066.0,1719450790.0,1.0032614802394957,0.972797386001688,True,455165052.789869,1168752898.7931266,True,True,False,true_loss,True,True
2026-01-01 02:31:00,consumer_004,steady,151,1749406195.0,1688680658.0,0.9652879147372632,0.9725592984392716,True,457049753.6418825,1231272055.4959211,True,True,False,true_loss,True,True
2026-01-01 02:32:00,consumer_004,steady,152,1798279033.0,1716889406.0,0.9547402680527166,0.9720618920296923,True,453022785.7830547,1297701974.0640404,True,True,False,true_loss,True,True
2026-01-01 02:33:00,consumer_004,steady,153,1030501200.0,1447137731.0,1.4043047509309063,0.978126840161514,True,7394459.423698178,1345323314.340162,True,True,False,true_loss,True,True
2026-01-01 02:34:00,consumer_004,steady,154,165226832.0,170163611.0,1.0298787971677628,0.9782010183509612,True,0.0,1347936427.0963151,True,False,False,true_loss,True,True
2026-01-01 02:35:00,consumer_004,steady,155,165352290.0,162032608.0,0.9799235801330601,0.9781692472102207,True,0.0,1350505511.7981348,True,False,False,true_loss,True,True
2026-01-01 02:36:00,consumer_004,steady,156,164189233.0,161192340.0,0.9817473232242945,0.9781365533750945,True,0.0,1353120615.570566,True,False,False,true_loss,True,True
2026-01-01 02:37:00,consumer_004,steady,157,160505041.0,157158915.0,0.979152517708151,0.9780996350373541,True,0.0,1355740313.7603197,True,False,False,true_loss,True,True
2026-01-01 02:38:00,consumer_004,steady,158,159114470.0,155872741.0,0.9796264349810548,0.9780653973184034,True,0.0,1358399131.7867157,True,False,False,true_loss,True,True
2026-01-01 02:39:00,consumer_004,steady,159,156778796.0,153921952.0,0.9817778674611074,0.9780339084669443,True,0.0,1361080339.023303,True,False,False,true_loss,True,True
2026-01-01 02:40:00,consumer_004,steady,160,163634119.0,159880635.0,0.9770617275728419,0.9779916639178668,True,0.0,1363941334.9134877,True,False,False,true_loss,True,False
2026-01-01 02:41:00,consumer_004,steady,161,160939872.0,157790050.0,0.9804285789415813,0.9779587347927509,True,0.0,1366818733.5912828,True,False,False,true_loss,True,False
2026-01-01 02:42:00,consumer_004,steady,162,170204939.0,165879728.0,0.9745882168554463,0.9779153484806298,True,0.0,1369926340.7330391,True,False,False,true_loss,True,False
2026-01-01 02:43:00,consumer_004,steady,163,167382132.0,164325257.0,0.9817371486222914,0.9778823909641929,True,0.0,1373049257.8279738,True,False,False,true_loss,True,False
2026-01-01 02:44:00,consumer_004,steady,164,166835689.0,163143894.0,0.97787167109071,0.9778434956864949,True,0.0,1376226612.539014,True,False,False,true_loss,True,False
2026-01-01 02:45:00,consumer_004,steady,165,165012358.0,161191641.0,0.9768458735678451,0.9777985929521417,True,0.0,1379433221.056027,True,False,False,true_loss,True,False
2026-01-01 02:46:00,consumer_004,steady,166,169010179.0,165157730.0,0.9772058166981765,0.9777621502450315,True,0.0,1382783181.9447505,True,False,False,true_loss,True,False
2026-01-01 02:47:00,consumer_004,steady,167,166627149.0,162557261.0,0.9755748806576532,0.9777102877875247,True,0.0,1386151789.9954123,True,False,False,true_loss,True,False
2026-01-01 02:48:00,consumer_004,steady,168,169870157.0,165883825.0,0.9765330646041611,0.9776699542931017,True,0.0,1389650847.4402192,True,False,False,true_loss,True,False
2026-01-01 02:49:00,consumer_004,steady,169,165477831.0,161387877.0,0.9752839762566141,0.9776197502599407,True,0.0,1393124754.3796983,True,False,False,true_loss,True,False
2026-01-01 02:50:00,consumer_004,steady,170,155834057.0,152030331.0,0.975591176452526,0.9775824805780161,True,0.0,1396457175.86559,True,False,False,true_loss,True,False
2026-01-01 02:51:00,consumer_004,steady,171,162108418.0,158217853.0,0.97600022843971,0.9775337719556113,True,0.0,1399986973.7577274,True,False,False,true_loss,True,False
2026-01-01 02:52:00,consumer_004,steady,172,165586735.0,160884087.0,0.9716000922416883,0.9774806328336666,True,0.0,1403656275.763169,True,False,False,true_loss,True,False
2026-01-01 02:53:00,consumer_004,steady,173,163013039.0,159154845.0,0.9763319914549903,0.9774393676166474,True,0.0,1407332492.3372657,True,False,False,true_loss,True,False
2026-01-01 02:54:00,consumer_004,steady,174,162778010.0,158278562.0,0.9723583793658616,0.9773874853410792,True,0.0,1411065847.0557547,True,False,False,true_loss,True,False
2026-01-01 02:55:00,consumer_004,steady,175,177098122.0,172841884.0,0.9759667807205771,0.9836727476833296,True,0.0,1415198058.8422337,True,False,False,true_loss,True,False
2026-01-01 02:56:00,consumer_004,steady,176,177933322.0,172939721.0,0.9719355489805332,0.985422944432062,True,0.0,1419418809.8821182,True,False,False,true_loss,True,False
2026-01-01 02:57:00,consumer_004,steady,177,164627802.0,160039309.0,0.9721280795573034,0.983822324370646,True,0.0,1423386723.5345643,True,False,False,true_loss,True,False
2026-01-01 02:58:00,consumer_004,steady,178,150186610.0,146075971.0,0.972629790365466,0.9832161832739714,True,0.0,1427066520.755405,True,False,False,true_loss,True,False
2026-01-01 02:59:00,consumer_004,steady,179,167992596.0,163317840.0,0.9721728450460996,0.9829798561076395,True,0.0,1431247392.763484,True,False,False,true_loss,True,False
2026-01-01 03:00:00,consumer_004,steady,180,167298703.0,162345561.0,0.9703934225957508,0.9837445588564298,True,0.0,1435474617.762775,True,False,False,true_loss,True,False
2026-01-01 03:01:00,consumer_004,steady,181,167311890.0,162696707.0,0.9724156902417396,0.9824128507025991,True,0.0,1439768912.749854,True,False,False,true_loss,True,False
2026-01-01 03:02:00,consumer_004,steady,182,184093281.0,178213846.0,0.9680627398889153,0.9819624742507889,True,0.0,1444564666.5344086,True,False,False,true_loss,True,False
2026-01-01 03:03:00,consumer_004,steady,183,168737321.0,164301698.0,0.9737128515866387,0.981671824239949,True,0.0,1449025410.3464742,True,False,False,true_loss,True,False
2026-01-01 03:04:00,consumer_004,steady,184,169316572.0,164002764.0,0.9686161375863432,0.9822577547320644,True,0.0,1453568533.2507007,True,False,False,true_loss,True,False
2026-01-01 03:05:00,consumer_004,steady,185,181171911.0,175029047.0,0.966093728514019,0.9811460245437142,True,0.0,1458500071.296188,True,False,False,true_loss,True,False
2026-01-01 03:06:00,consumer_004,steady,186,165267087.0,161044019.0,0.9744470113398925,0.9810800983254864,True,0.0,1463062411.7761018,True,False,False,true_loss,True,False
2026-01-01 03:07:00,consumer_004,steady,187,161819122.0,156627301.0,0.9679158993335781,0.9829462756167952,True,0.0,1467592930.4279337,True,False,False,true_loss,True,False
2026-01-01 03:08:00,consumer_004,steady,188,168587406.0,163137084.0,0.9676706455759809,0.9822512195016867,True,0.0,1472379139.2614172,True,False,False,true_loss,True,False
2026-01-01 03:09:00,consumer_004,steady,189,175361915.0,169220745.0,0.9649800243114361,0.9803156929800358,True,0.0,1477425684.2558477,True,False,False,true_loss,True,False
2026-01-01 03:10:00,consumer_004,steady,190,161069958.0,156439644.0,0.9712527770076156,0.9824658340559469,True,0.0,1482124189.3217497,True,False,False,true_loss,True,False
2026-01-01 03:11:00,consumer_004,steady,191,164490027.0,159213030.0,0.9679190459370525,0.9799468516344998,True,0.0,1486985103.6391797,True,False,False,true_loss,True,False
2026-01-01 03:12:00,consumer_004,steady,192,172424495.0,166469168.0,0.9654612472549217,0.9806194025431413,True,0.0,1492146964.7051203,True,False,False,true_loss,True,False
2026-01-01 03:13:00,consumer_004,steady,193,166404091.0,160695449.0,0.9656941006336196,0.9799580885056685,True,0.0,1497194729.965814,True,False,False,true_loss,True,False
2026-01-01 03:14:00,consumer_004,steady,194,163223969.0,157924259.0,0.9675310554419859,0.9810279767325656,True,0.0,1502209817.7646787,True,False,False,true_loss,True,False
2026-01-01 03:15:00,consumer_004,steady,195,172067303.0,166323914.0,0.966621264471147,0.9803107447155104,True,0.0,1507563181.5147083,True,False,False,true_loss,True,False
2026-01-01 03:16:00,consumer_004,steady,196,179756162.0,173362307.0,0.9644303987754256,0.9815065597069175,True,0.0,1513226256.0880818,True,False,False,true_loss,True,False
2026-01-01 03:17:00,consumer_004,steady,197,163164664.0,157541434.0,0.9655364717939173,0.9823992027265324,True,0.0,1518429648.5321898,True,False,False,true_loss,True,False
2026-01-01 03:18:00,consumer_004,steady,198,168733983.0,162682211.0,0.9641342431891743,0.9814649681091291,True,0.0,1523877445.9124932,True,False,False,true_loss,True,False
2026-01-01 03:19:00,consumer_004,steady,199,172829642.0,165716879.0,0.9588452367447478,0.9832435248984621,True,0.0,1529522865.5032344,True,False,False,true_loss,True,False
2026-01-01 03:20:00,consumer_004,steady,200,177088492.0,171222450.0,0.9668750807364715,0.9843371179557332,True,0.0,1535377180.307164,True,False,False,true_loss,True,False
2026-01-01 03:21:00,consumer_004,steady,201,168237868.0,161920712.0,0.9624510458014126,0.9841803336773106,True,0.0,1541005525.2393866,True,False,False,true_loss,True,False
2026-01-01 03:22:00,consumer_004,steady,202,169623170.0,163720064.0,0.9651987048703311,0.9849169984242969,True,0.0,1546744023.4499621,True,False,False,true_loss,True,False
2026-01-01 03:23:00,consumer_004,steady,203,165255185.0,159006814.0,0.9621895615559657,0.9860046266949782,True,0.0,1552399579.4877465,True,False,False,true_loss,True,False
2026-01-01 03:24:00,consumer_004,steady,204,173512193.0,167049580.0,0.9627541276018567,0.9865811711186461,True,0.0,1558406032.9009707,True,False,False,true_loss,True,False
2026-01-01 03:25:00,consumer_004,steady,205,172241164.0,165650278.0,0.9617345479620656,0.9867974727225676,True,0.0,1564434735.3311136,True,False,False,true_loss,True,False
2026-01-01 03:26:00,consumer_004,steady,206,173054777.0,166357141.0,0.9612975953850728,0.9901211430537787,False,0.0,1570560439.3935122,True,False,False,true_loss,True,False
2026-01-01 03:27:00,consumer_004,steady,207,176087361.0,169276796.0,0.9613228061268975,0.9923014781647914,False,0.0,1576861337.4664664,True,False,False,true_loss,True,False
2026-01-01 03:28:00,consumer_004,steady,208,168411017.0,161597702.0,0.9595435315256127,0.9958312350692912,False,0.0,1582954232.637838,True,False,False,true_loss,True,False
2026-01-01 03:29:00,consumer_004,steady,209,173017460.0,166312432.0,0.9612465239057376,1.0008641750704466,False,0.0,1589280345.9227722,True,False,False,true_loss,True,False
2026-01-01 03:30:00,consumer_004,steady,210,161041085.0,154234309.0,0.9577326742427251,1.0000819481431968,False,0.0,1595231516.256899,True,False,False,true_loss,True,False
2026-01-01 03:31:00,consumer_004,steady,211,161374668.0,155087620.0,0.9610406758513053,1.0044320652057015,False,0.0,1601257025.7272947,True,False,False,true_loss,True,False
2026-01-01 03:32:00,consumer_004,steady,212,162600483.0,155502807.0,0.9563489857530127,1.0119071001969837,False,0.0,1607390670.4766107,True,False,False,true_loss,True,False
2026-01-01 03:33:00,consumer_004,steady,213,170012821.0,163136941.0,0.9595566971975602,0.9707779003623079,False,0.0,1613871258.4298072,True,False,False,true_loss,True,True
2026-01-01 03:34:00,consumer_004,steady,214,180147791.0,172622427.0,0.9582267206373905,0.9695828087104719,False,0.0,1620809377.0303767,True,False,False,true_loss,True,True
2026-01-01 03:35:00,consumer_004,steady,215,177384776.0,169850537.0,0.9575260111386334,0.9692008158901674,False,0.0,1627709156.6978505,True,False,False,true_loss,True,True
2026-01-01 03:36:00,consumer_004,steady,216,179014218.0,171484601.0,0.957938441515299,0.9687968304369521,False,0.0,1634743930.365005,True,False,False,true_loss,True,True
2026-01-01 03:37:00,consumer_004,steady,217,168327605.0,161257299.0,0.9579967528201925,0.9684521853293193,False,0.0,1641422025.2252846,True,False,False,true_loss,True,True
2026-01-01 03:38:00,consumer_004,steady,218,173612410.0,165775536.0,0.9548599434798468,0.9680429959196379,False,0.0,1648378635.1812894,True,False,False,true_loss,True,True
2026-01-01 03:39:00,consumer_004,steady,219,173195264.0,165824764.0,0.9574439864591217,0.9676491541834512,False,0.0,1655385043.0164514,True,False,False,true_loss,True,True
2026-01-01 03:40:00,consumer_004,steady,220,173842613.0,166265730.0,0.9564152720138877,0.9673046193885879,False,0.0,1662487049.6665936,True,False,False,true_loss,True,True
2026-01-01 03:41:00,consumer_004,steady,221,175848941.0,167627092.0,0.9532448193702798,0.9668530996074631,False,0.0,1669737343.370706,True,False,False,true_loss,True,True
2026-01-01 03:42:00,consumer_004,steady,222,173743155.0,166208931.0,0.9566358513519568,0.9665487107271863,True,0.0,1676967520.8089848,True,False,False,true_loss,True,True
2026-01-01 03:43:00,consumer_004,steady,223,170328148.0,162561541.0,0.9544020933052122,0.9660948595874557,True,0.0,1684122004.7097857,True,False,False,true_loss,True,True
2026-01-01 03:44:00,consumer_004,steady,224,167758104.0,159960467.0,0.9535185674249156,0.9656938607998455,True,0.0,1691234791.4470603,True,False,False,true_loss,True,True
2026-01-01 03:45:00,consumer_004,steady,225,179017691.0,170851303.0,0.9543822291842654,0.9653139902988657,True,0.0,1698894154.0339372,True,False,False,true_loss,True,True
2026-01-01 03:46:00,consumer_004,steady,226,165403457.0,157884375.0,0.954540962224266,0.9649412078972749,True,0.0,1706034987.7234166,True,False,False,true_loss,True,True
2026-01-01 03:47:00,consumer_004,steady,227,177242446.0,168493925.0,0.950640937329425,0.9645182607460279,True,0.0,1713757593.8598287,True,False,False,true_loss,True,True
2026-01-01 03:48:00,consumer_004,steady,228,177415291.0,169542660.0,0.9556259725098892,0.9641631356675878,True,0.0,1721555766.2309685,True,False,False,true_loss,True,True
2026-01-01 03:49:00,consumer_004,steady,229,170098256.0,162109453.0,0.9530341863117044,0.9637969217528608,True,0.0,1729098517.2227101,True,False,False,true_loss,True,True
2026-01-01 03:50:00,consumer_004,steady,230,178292542.0,169545641.0,0.9509407353673829,0.963392670386718,True,0.0,1737074738.4883814,True,False,False,true_loss,True,True
2026-01-01 03:51:00,consumer_004,steady,231,159126796.0,151691096.0,0.9532718549803516,0.9630348878837076,True,0.0,1744256506.6697826,True,False,False,true_loss,True,True
2026-01-01 03:52:00,consumer_004,steady,232,188161367.0,178667610.0,0.9495446001941514,0.9626483572184804,True,0.0,1752822247.0914402,True,False,False,true_loss,True,True
2026-01-01 03:53:00,consumer_004,steady,233,172515939.0,164272500.0,0.9522163630341426,0.9622549956715752,True,0.0,1760741925.8793817,True,False,False,true_loss,True,True
2026-01-01 03:54:00,consumer_004,steady,234,160966635.0,152883134.0,0.9497815121748678,0.9618984519036051,True,0.0,1768193869.9033484,True,False,False,true_loss,True,True
2026-01-01 03:55:00,consumer_004,steady,235,171002717.0,162460701.0,0.9500474837484599,0.9614571471481064,True,0.0,1776177363.9674928,True,False,False,true_loss,True,True
2026-01-01 03:56:00,consumer_004,steady,236,168932530.0,160613409.0,0.9507547717423045,0.9610981206726585,True,0.0,1784128677.747691,True,False,False,true_loss,True,True
2026-01-01 03:57:00,consumer_004,steady,237,173355355.0,164599079.0,0.9494894403463914,0.9607241790652726,True,0.0,1792356854.3684747,True,False,False,true_loss,True,True
2026-01-01 03:58:00,consumer_004,steady,238,165149516.0,156470763.0,0.9474491163510282,0.960335941175289,True,0.0,1800261993.797345,True,False,False,true_loss,True,True
2026-01-01 03:59:00,consumer_004,steady,239,157158253.0,149123752.0,0.9488763660410503,0.9599659373414501,True,0.0,1808096862.7259989,True,False,False,true_loss,True,True
2026-01-01 04:00:00,consumer_004,steady,240,172349998.0,163414821.0,0.948156790811219,0.9595970594102586,True,0.0,1816223346.4162834,True,False,False,true_loss,True,True
2026-01-01 04:01:00,consumer_004,steady,241,170116089.0,161434162.0,0.9489646919874816,0.9592113417167462,True,0.0,1824563061.559455,True,False,False,true_loss,True,True
2026-01-01 04:02:00,consumer_004,steady,242,182225110.0,172624945.0,0.9473170025799408,0.9588408269556145,True,0.0,1833567264.0333276,True,False,False,true_loss,True,True
2026-01-01 04:03:00,consumer_004,steady,243,177047953.0,167351593.0,0.9452331425712671,0.9583612379050737,True,0.0,1842384358.5689256,True,False,False,true_loss,True,True
2026-01-01 04:04:00,consumer_004,steady,244,175376454.0,166229754.0,0.9478453361817887,0.9580123258318941,True,0.0,1851187589.86886,True,False,False,true_loss,True,True
2026-01-01 04:05:00,consumer_004,steady,245,171559192.0,162332096.0,0.9462162540378484,0.9576721301238137,True,0.0,1859863775.858208,True,False,False,true_loss,True,True
2026-01-01 04:06:00,consumer_004,steady,246,169012107.0,159919796.0,0.9462031971472907,0.9572128259505218,True,0.0,1868478431.8390229,True,False,False,true_loss,True,True
2026-01-01 04:07:00,consumer_004,steady,247,167909795.0,158775111.0,0.9455976704634771,0.9568540119642127,True,0.0,1877100632.0885868,True,False,False,true_loss,True,True
2026-01-01 04:08:00,consumer_004,steady,248,170921475.0,161676402.0,0.945910407103613,0.9564941314551834,True,0.0,1885944941.6744647,True,False,False,true_loss,True,True
2026-01-01 04:09:00,consumer_004,steady,249,177592206.0,167370607.0,0.9424434256985355,0.9561061459629551,True,0.0,1895203891.5259655,True,False,False,true_loss,True,True
2026-01-01 04:10:00,consumer_004,steady,250,175791575.0,166051661.0,0.9445939658939856,0.9556720293571936,True,0.0,1904437807.5572758,True,False,False,true_loss,True,True
2026-01-01 04:11:00,consumer_004,steady,251,177169393.0,167527193.0,0.9455763784210741,0.9553025859183518,True,0.0,1913811579.1747887,True,False,False,true_loss,True,True
2026-01-01 04:12:00,consumer_004,steady,252,169604335.0,159971341.0,0.9432031380565833,0.9549329860086598,True,0.0,1922852174.1364472,True,False,False,true_loss,True,True
2026-01-01 04:13:00,consumer_004,steady,253,174836319.0,164762168.0,0.9423795292784676,0.9545460406418949,True,0.0,1932237439.32304,True,False,False,true_loss,True,True
2026-01-01 04:14:00,consumer_004,steady,254,180437065.0,170038740.0,0.9423714578820045,0.9541276855348382,True,0.0,1941996350.115629,True,False,False,true_loss,True,True
2026-01-01 04:15:00,consumer_004,steady,255,171076113.0,161534971.0,0.9442286720648136,0.9537551399259666,True,0.0,1951314640.0269535,True,False,False,true_loss,True,True
2026-01-01 04:16:00,consumer_004,steady,256,177474137.0,167114186.0,0.941625573308183,0.9533603662050507,True,0.0,1961050468.9161115,True,False,False,true_loss,True,True
2026-01-01 04:17:00,consumer_004,steady,257,179630297.0,159849808.0,0.8898822229303557,0.9520642453526708,True,0.0,1970972752.575794,True,False,True,true_loss,True,True
2026-01-01 04:18:00,consumer_004,steady,258,170931660.0,174855328.0,1.0229546006866135,0.9530398849944258,True,0.0,1975762565.446039,True,False,True,true_loss,True,True
2026-01-01 04:19:00,consumer_004,steady,259,168395813.0,167381302.0,0.9939754380947702,0.9536101799765438,True,0.0,1975762565.446039,False,False,False,normal,False,True
2026-01-01 04:20:00,consumer_004,steady,260,176875281.0,176285008.0,0.9966627727929942,0.9541200519757879,True,0.0,1975762565.446039,False,False,False,normal,False,True
2026-01-01 04:21:00,consumer_004,steady,261,176541653.0,175459885.0,0.9938724489002038,0.9546634232247323,True,0.0,1975762565.446039,False,False,False,normal,False,True
2026-01-01 04:22:00,consumer_004,steady,262,163824207.0,164001514.0,1.001082300370909,0.9552265705382599,True,0.0,1975762565.446039,False,False,False,normal,False,True
2026-01-01 04:23:00,consumer_004,steady,263,174253939.0,173740485.0,0.9970534152458959,0.9558202078415569,True,0.0,1975762565.446039,False,False,False,normal,False,True
2026-01-01 04:24:00,consumer_004,steady,264,166994822.0,166322582.0,0.9959744859634031,0.9563527276928956,True,0.0,1975762565.446039,False,False,False,normal,False,True
2026-01-01 04:25:00,consumer_004,steady,265,170692927.0,170269346.0,0.9975184619102583,0.9569431412573053,True,0.0,1975762565.446039,False,False,False,normal,False,True
2026-01-01 04:26:00,consumer_004,steady,266,189640427.0,188744252.0,0.9952743462236562,0.9575727963307454,True,0.0,1975762565.446039,False,False,False,normal,False,True
2026-01-01 04:27:00,consumer_004,steady,267,180335903.0,179235400.0,0.9938974825218249,0.9581417926583731,True,0.0,1975762565.446039,False,False,False,normal,False,True
2026-01-01 04:28:00,consumer_004,steady,268,174578737.0,174649082.0,1.0004029413960074,0.9588312727088214,True,0.0,1975762565.446039,False,False,False,normal,False,True
2026-01-01 04:29:00,consumer_004,steady,269,176953784.0,176221781.0,0.9958633097102914,0.9594233348984893,True,0.0,1975762565.446039,False,False,False,normal,False,True
2026-01-01 04:30:00,consumer_004,steady,270,161536600.0,161117443.0,0.997405188669317,0.9600416791500666,True,0.0,1975762565.446039,False,False,False,normal,False,True
2026-01-01 04:31:00,consumer_004,steady,271,181056112.0,180272544.0,0.9956722366820735,0.9606475043460866,True,0.0,1975762565.446039,False,False,False,normal,False,True
2026-01-01 04:32:00,consumer_004,steady,272,170084107.0,169327382.0,0.9955508776607799,0.9612861498491296,True,0.0,1975762565.446039,False,False,False,normal,False,True
2026-01-01 04:33:00,consumer_004,steady,273,184110852.0,183766482.0,0.9981295507773762,0.9619663991621763,True,0.0,1975762565.446039,False,False,False,normal,False,True
2026-01-01 04:34:00,consumer_004,steady,274,171824811.0,171224803.0,0.9965080246763665,0.962602126581694,True,0.0,1975762565.446039,False,False,False,normal,False,True
2026-01-01 04:35:00,consumer_004,steady,275,172496100.0,171731450.0,0.9955671461557681,0.9632360319680079,True,0.0,1975762565.446039,False,False,False,normal,False,True
2026-01-01 04:36:00,consumer_004,steady,276,174649863.0,174081221.0,0.9967441027995538,0.9638907845795329,True,0.0,1975762565.446039,False,False,False,normal,False,False
2026-01-01 04:37:00,consumer_004,steady,277,170413222.0,169684767.0,0.9957253610286179,0.9645085030656722,True,0.0,1975762565.446039,False,False,False,normal,False,False
2026-01-01 04:38:00,consumer_004,steady,278,178177645.0,177715156.0,0.9974043376765924,0.9652336424405838,True,0.0,1975762565.446039,False,False,False,normal,False,False
2026-01-01 04:39:00,consumer_004,steady,279,177480879.0,176747019.0,0.9958651320405056,0.9658862743700966,True,0.0,1975762565.446039,False,False,False,normal,False,False
2026-01-01 04:40:00,consumer_004,steady,280,185433282.0,184882334.0,0.9970288613022553,0.9665992522021701,True,0.0,1975762565.446039,False,False,False,normal,False,False
2026-01-01 04:41:00,consumer_004,steady,281,182896796.0,182149026.0,0.995911519412292,0.9673394115223101,True,0.0,1975762565.446039,False,False,False,normal,False,False
2026-01-01 04:42:00,consumer_004,steady,282,171536652.0,170819152.0,0.995817220450356,0.9679870787783322,True,0.0,1975762565.446039,False,False,False,normal,False,False
2026-01-01 04:43:00,consumer_004,steady,283,170352954.0,170189118.0,0.9990382555972583,0.9687172222775241,True,0.0,1975762565.446039,False,False,False,normal,False,False
2026-01-01 04:44:00,consumer_004,steady,284,181719633.0,180657026.0,0.9941524920425081,0.969404981434519,True,0.0,1975762565.446039,False,False,False,normal,False,False
2026-01-01 04:45:00,consumer_004,steady,285,179768300.0,179545172.0,0.9987588023027419,0.9701688706836157,True,0.0,1975762565.446039,False,False,False,normal,False,False
2026-01-01 04:46:00,consumer_004,steady,286,174921223.0,174159741.0,0.9956467146356506,0.9708434739166529,True,0.0,1975762565.446039,False,False,False,normal,False,False
2026-01-01 04:47:00,consumer_004,steady,287,171461266.0,171024314.0,0.997451599360056,0.9716240355744892,True,0.0,1975762565.446039,False,False,False,normal,False,False
2026-01-01 04:48:00,consumer_004,steady,288,170417249.0,169524174.0,0.9947594800101485,0.972274473911135,True,0.0,1975762565.446039,False,False,False,normal,False,False
2026-01-01 04:49:00,consumer_004,steady,289,169253915.0,168678419.0,0.9965998068641425,0.9729833776246307,True,0.0,1975762565.446039,False,False,False,normal,False,False
2026-01-01 04:50:00,consumer_004,steady,290,170051323.0,169264314.0,0.9953719325076936,0.9737261889494946,True,0.0,1975762565.446039,False,False,False,normal,False,False
2026-01-01 04:51:00,consumer_004,steady,291,178121256.0,177981931.0,0.9992178081205536,0.9744732245004659,True,0.0,1975762565.446039,False,False,False,normal,False,False
2026-01-01 04:52:00,consumer_004,steady,292,175460036.0,174882623.0,0.9967091480592196,0.9752976100195204,True,0.0,1975762565.446039,False,False,False,normal,False,False
2026-01-01 04:53:00,consumer_004,steady,293,179444814.0,178514365.0,0.9948148459726454,0.9760152123949367,True,0.0,1975762565.446039,False,False,False,normal,False,False
2026-01-01 04:54:00,consumer_004,steady,294,174714915.0,174523936.0,0.9989069107236781,0.9768025501791128,True,0.0,1975762565.446039,False,False,False,normal,False,False
2026-01-01 04:55:00,consumer_004,steady,295,169111146.0,168362962.0,0.9955757854068353,0.9775447946676521,True,0.0,1975762565.446039,False,False,False,normal,False,False
2026-01-01 04:56:00,consumer_004,steady,296,184173072.0,183298967.0,0.9952538935767983,0.9782895238274437,True,0.0,1975762565.446039,False,False,False,normal,False,False
2026-01-01 04:57:00,consumer_004,steady,297,181613330.0,181355588.0,0.9985808200312168,0.9791187675851323,True,0.0,1975762565.446039,False,False,False,normal,False,False
2026-01-01 04:58:00,consumer_004,steady,298,178859207.0,178134534.0,0.9959483606566588,0.9799051775167543,True,0.0,1975762565.446039,False,False,False,normal,False,False
2026-01-01 04:59:00,consumer_004,steady,299,178280432.0,177370698.0,0.9948971741329413,0.9806241796865064,True,0.0,1975762565.446039,False,False,False,normal,False,False
2026-01-01 05:00:00,consumer_004,steady,300,171288410.0,171000507.0,0.9983191915903709,0.9814458873731581,True,0.0,1975762565.446039,False,False,False,normal,False,False
2026-01-01 05:01:00,consumer_004,steady,301,169722307.0,169079093.0,0.9962101976377212,0.982210920637951,True,0.0,1975762565.446039,False,False,False,normal,False,False
2026-01-01 05:02:00,consumer_004,steady,302,176861142.0,175886936.0,0.9944916899835465,0.983023914238875,True,0.0,1975762565.446039,False,False,False,normal,False,False
2026-01-01 05:03:00,consumer_004,steady,303,178165978.0,177925132.0,0.9986481930910514,0.9839267742030475,True,0.0,1975762565.446039,False,False,False,normal,False,False
2026-01-01 05:04:00,consumer_004,steady,304,178058366.0,177686916.0,0.9979138862815353,0.9847668937353911,True,0.0,1975762565.446039,False,False,False,normal,False,False
2026-01-01 05:05:00,consumer_004,steady,305,180170060.0,179357450.0,0.9954897611734158,0.9855803659024757,True,0.0,1975762565.446039,False,False,False,normal,False,False
2026-01-01 05:06:00,consumer_004,steady,306,179072676.0,178672075.0,0.9977629138685569,0.9864207456773307,True,0.0,1975762565.446039,False,False,False,normal,False,False
2026-01-01 05:07:00,consumer_004,steady,307,177201519.0,176330807.0,0.9950863175162736,0.9872179461055446,True,0.0,1975762565.446039,False,False,False,normal,False,False
2026-01-01 05:08:00,consumer_004,steady,308,176154792.0,175122799.0,0.9941415559106674,0.9880042871894935,True,0.0,1975762565.446039,False,False,False,normal,False,False
2026-01-01 05:09:00,consumer_004,steady,309,175800172.0,175493473.0,0.9982554112631926,0.9889440141793785,True,0.0,1975762565.446039,False,False,False,normal,False,False
2026-01-01 05:10:00,consumer_004,steady,310,183070149.0,182431207.0,0.9965098515323763,0.9898155130331889,True,0.0,1975762565.446039,False,False,False,normal,False,False
2026-01-01 05:11:00,consumer_004,steady,311,182593196.0,181873526.0,0.9960586154590338,0.9906672406341683,False,0.0,1975762565.446039,False,False,False,normal,False,False
2026-01-01 05:12:00,consumer_004,steady,312,179892419.0,179801433.0,0.9994942199315248,0.9915807155857463,False,0.0,1975762565.446039,False,False,False,normal,False,False
2026-01-01 05:13:00,consumer_004,steady,313,186533856.0,185769597.0,0.9959028402865375,0.9924714374505281,False,0.0,1975762565.446039,False,False,False,normal,False,False
2026-01-01 05:14:00,consumer_004,steady,314,181094556.0,180049015.0,0.9942265464898901,0.9933573096405839,False,0.0,1975762565.446039,False,False,False,normal,False,False
2026-01-01 05:15:00,consumer_004,steady,315,180637582.0,180346862.0,0.9983905896171705,0.9942382381999704,False,0.0,1975762565.446039,False,False,False,normal,False,False
2026-01-01 05:16:00,consumer_004,steady,316,170840097.0,170480851.0,0.9978971798406319,0.9951810989357687,False,0.0,1975762565.446039,False,False,False,normal,False,False
2026-01-01 05:17:00,consumer_004,steady,317,177388145.0,176544569.0,0.9952444623624651,0.9969726678631688,False,0.0,1975762565.446039,False,False,False,normal,False,False
2026-01-01 05:18:00,consumer_004,steady,318,163490126.0,163125626.0,0.997770507559582,0.9965643243767446,False,0.0,1975762565.446039,False,False,False,normal,False,False
2026-01-01 05:19:00,consumer_004,steady,319,186863649.0,186249026.0,0.9967108477047882,0.9966081387478015,False,0.0,1975762565.446039,False,False,False,normal,False,False
2026-01-01 05:20:00,consumer_004,steady,320,179678892.0,179118550.0,0.9968814255599929,0.996611867349382,False,0.0,1975762565.446039,False,False,False,normal,False,False
2026-01-01 05:21:00,consumer_004,steady,321,1081488333.0,551063684.0,0.5095419591549121,0.950779967822655,False,480713897.37250525,1975762565.446039,False,True,False,benign_burst,False,True
2026-01-01 05:22:00,consumer_004,steady,322,2012066823.0,1987801826.0,0.987940262856767,0.9557704586482851,False,535517953.1833991,1975762565.446039,False,True,False,benign_burst,False,True
2026-01-01 05:23:00,consumer_004,steady,323,2109987912.0,2092342332.0,0.9916371179665792,0.9602563217347422,False,554341856.2572135,1975762565.446039,False,True,False,benign_burst,False,True
2026-01-01 05:24:00,consumer_004,steady,324,2117842807.0,2038922356.0,0.962735453859395,0.960214832973816,False,614572791.9651613,1975762565.446039,False,True,False,benign_burst,False,True
2026-01-01 05:25:00,consumer_004,steady,325,2150637659.0,2128847715.0,0.9898681472870089,0.9632051168531212,False,627367957.9806302,1975762565.446039,False,True,False,benign_burst,False,True
2026-01-01 05:26:00,consumer_004,steady,326,2047074718.0,2098024790.0,1.0248892097352356,0.9689135243650351,False,578716195.9410055,1975762565.446039,False,True,False,benign_burst,False,False
2026-01-01 05:27:00,consumer_004,steady,327,2029345700.0,1966001070.0,0.9687856879190174,0.9687054849796667,False,606891706.578208,1975762565.446039,False,True,False,benign_burst,False,False
2026-01-01 05:28:00,consumer_004,steady,328,2036911276.0,2078576484.0,1.0204550922226816,0.9727382078320009,False,569213813.0280771,1975762565.446039,False,True,False,benign_burst,False,False
2026-01-01 05:29:00,consumer_004,steady,329,2156409893.0,2125504090.0,0.9856679367404478,0.973627684044741,False,603333329.5734758,1975762565.446039,False,True,False,benign_burst,False,False
2026-01-01 05:30:00,consumer_004,steady,330,2044515162.0,2063481284.0,1.0092765866218605,0.9760393786533098,True,550911183.4492002,1975762565.446039,False,True,False,benign_burst,False,False
2026-01-01 05:31:00,consumer_004,steady,331,2039130187.0,2074356078.0,1.01727495930597,0.978680850499008,True,537419870.5899922,1975762565.446039,False,True,False,benign_burst,False,False
2026-01-01 05:32:00,consumer_004,steady,332,1937101385.0,1909218026.0,0.9856056274514511,0.9790077781902173,True,532924684.11863613,1975762565.446039,False,True,False,benign_burst,False,False
2026-01-01 05:33:00,consumer_004,steady,333,2045308350.0,2053824864.0,1.004163926676386,0.9804127762934216,True,537352499.2988312,1975762565.446039,False,True,False,benign_burst,False,False
2026-01-01 05:34:00,consumer_004,steady,334,2016999218.0,1963582685.0,0.9735168300893213,0.9799490781404623,True,582697516.7788733,1975762565.446039,False,True,False,benign_burst,False,False
2026-01-01 05:35:00,consumer_004,steady,335,1945846882.0,2001295852.0,1.0284960602568112,0.9823811557321963,True,507768137.0614491,1975762565.446039,False,True,False,benign_burst,False,False
2026-01-01 05:36:00,consumer_004,steady,336,2119022039.0,2042943002.0,0.9640970996998677,0.9813414642590552,True,565138965.930851,1975762565.446039,False,True,False,benign_burst,False,False
2026-01-01 05:37:00,consumer_004,steady,337,2047414512.0,2069857051.0,1.0109614046732907,0.9827418537983267,True,551632036.2289956,1975762565.446039,False,True,False,benign_burst,False,False
2026-01-01 05:38:00,consumer_004,steady,338,2189634705.0,2082475551.0,0.9510607163124956,0.9810896019272939,True,676122725.7967927,1975762565.446039,False,True,False,benign_burst,False,False
2026-01-01 05:39:00,consumer_004,steady,339,2021003162.0,2142188118.0,1.0599627740711075,0.9845421645411281,True,540760446.3661782,1975762565.446039,False,True,False,benign_burst,False,False
2026-01-01 05:40:00,consumer_004,steady,340,2065540230.0,1951904712.0,0.944985086056639,0.9827654219585926,True,585058840.8216919,1975762565.446039,False,True,False,benign_burst,False,False
2026-01-01 05:41:00,consumer_004,steady,341,2108378008.0,2084936574.0,0.988881768871116,0.9829785904256448,True,598356693.661312,1975762565.446039,False,True,False,benign_burst,False,False
2026-01-01 05:42:00,consumer_004,steady,342,2121220699.0,2155584781.0,1.0162001445753381,0.9843128562344665,True,628644303.1458604,1975762565.446039,False,True,False,benign_burst,False,False
2026-01-01 05:43:00,consumer_004,steady,343,2064375089.0,2031940623.0,0.9842884821790252,0.9842646302475987,True,542759288.0959067,1975762565.446039,False,True,False,benign_burst,False,False
2026-01-01 05:44:00,consumer_004,steady,344,2105458049.0,2088563143.0,0.9919756624892031,0.9845272287128688,True,560750624.0215967,1975762565.446039,False,True,False,benign_burst,False,False
2026-01-01 05:45:00,consumer_004,steady,345,2008431963.0,2098416743.0,1.0448034992759174,0.9866131124062072,True,542310382.0993606,1975762565.446039,False,True,False,benign_burst,False,False
2026-01-01 05:46:00,consumer_004,steady,346,2128169866.0,2041565430.0,0.9593056750856184,0.9855972835693702,True,616965855.2713621,1975762565.446039,False,True,False,benign_burst,False,False
2026-01-01 05:47:00,consumer_004,steady,347,2112038308.0,2170083193.0,1.0274828750880782,0.9870210674944694,True,571576376.8946359,1975762565.446039,False,True,False,benign_burst,False,False
2026-01-01 05:48:00,consumer_004,steady,348,1167161699.0,1716378607.0,1.4705576857692964,0.9961462993242131,False,22721180.379825428,1975762565.446039,False,True,False,benign_burst,False,False
2026-01-01 05:49:00,consumer_004,steady,349,173311030.0,197654200.0,1.14045943873278,0.9965503800722966,False,0.0,1975762565.446039,False,False,False,normal,False,False
2026-01-01 05:50:00,consumer_004,steady,350,177088056.0,176352240.0,0.9958449145774123,0.9965516029382112,False,0.0,1975762565.446039,False,False,False,normal,False,False
2026-01-01 05:51:00,consumer_004,steady,351,174049345.0,173569101.0,0.9972407595098964,0.9965458507881781,False,0.0,1975762565.446039,False,False,False,normal,False,False
2026-01-01 05:52:00,consumer_004,steady,352,181437336.0,180899532.0,0.9970358691774442,0.9965468271361458,False,0.0,1975762565.446039,False,False,False,normal,False,False
2026-01-01 05:53:00,consumer_004,steady,353,179382177.0,178356687.0,0.9942832113136859,0.9965452836358245,False,0.0,1975762565.446039,False,False,False,normal,False,False
2026-01-01 05:54:00,consumer_004,steady,354,176800552.0,176307245.0,0.9972098107476497,0.9965405017804689,False,0.0,1975762565.446039,False,False,False,normal,False,False
2026-01-01 05:55:00,consumer_004,steady,355,174064986.0,173639433.0,0.9975552061917841,0.9965460065917612,False,0.0,1975762565.446039,False,False,False,normal,False,False
2026-01-01 05:56:00,consumer_004,steady,356,184402104.0,183775601.0,0.9966025170732326,0.9965500309516429,False,0.0,1975762565.446039,False,False,False,normal,False,False
2026-01-01 05:57:00,consumer_004,steady,357,173372030.0,172733514.0,0.9963170760589237,0.9965434002794814,False,0.0,1975762565.446039,False,False,False,normal,False,False
2026-01-01 05:58:00,consumer_004,steady,358,175123817.0,174579039.0,0.9968891838395688,0.9965461061967912,False,0.0,1975762565.446039,False,False,False,normal,False,False
2026-01-01 05:59:00,consumer_004,steady,359,184078929.0,183645682.0,0.9976464063412711,0.9965541513189478,False,0.0,1975762565.446039,False,False,False,normal,False,False
2026-01-01 00:00:00,consumer_005,steady,0,,,,,False,108922846.46358609,0.0,False,True,True,benign_burst,False,False
2026-01-01 00:01:00,consumer_005,steady,1,546603985.0,556615450.0,1.0183157556013793,,False,121958986.23512465,0.0,False,True,False,benign_burst,False,False
2026-01-01 00:02:00,consumer_005,steady,2,85055433.0,209451110.0,2.4625247631153675,,False,0.0,0.0,False,False,False,normal,False,False
2026-01-01 00:03:00,consumer_005,steady,3,90282454.0,89774437.0,0.9943730262360835,,False,0.0,0.0,False,False,False,normal,False,False
2026-01-01 00:04:00,consumer_005,steady,4,86338579.0,85903215.0,0.994957480131796,,False,0.0,0.0,False,False,False,normal,False,False
2026-01-01 00:05:00,consumer_005,steady,5,88327572.0,88059113.0,0.9969606432745598,,False,0.0,0.0,False,False,False,normal,False,False
2026-01-01 00:06:00,consumer_005,steady,6,84525304.0,83915757.0,0.9927885855341023,,False,0.0,0.0,False,False,False,normal,False,False
2026-01-01 00:07:00,consumer_005,steady,7,84581888.0,84261011.0,0.9962063154702813,,False,0.0,0.0,False,False,False,normal,False,False
2026-01-01 00:08:00,consumer_005,steady,8,92018227.0,91625704.0,0.9957342907726314,,False,0.0,0.0,False,False,False,normal,False,False
2026-01-01 00:09:00,consumer_005,steady,9,85293578.0,84961555.0,0.9961072919229629,,False,0.0,0.0,False,False,False,normal,False,False
2026-01-01 00:10:00,consumer_005,steady,10,83528121.0,83125298.0,0.9951773966039533,,False,0.0,0.0,False,False,False,normal,False,False
2026-01-01 00:11:00,consumer_005,steady,11,94315439.0,93980060.0,0.9964440710497038,,False,0.0,0.0,False,False,False,normal,False,False
2026-01-01 00:12:00,consumer_005,steady,12,89933797.0,89315056.0,0.9931200391772628,,False,0.0,0.0,False,False,False,normal,False,False
2026-01-01 00:13:00,consumer_005,steady,13,91792879.0,91461119.0,0.9963857762866333,,False,0.0,0.0,False,False,False,normal,False,False
2026-01-01 00:14:00,consumer_005,steady,14,90804713.0,90391516.0,0.9954496084360731,,False,0.0,0.0,False,False,False,normal,False,False
2026-01-01 00:15:00,consumer_005,steady,15,86274156.0,85926244.0,0.9959673670989028,,False,0.0,0.0,False,False,False,normal,False,False
2026-01-01 00:16:00,consumer_005,steady,16,91693447.0,91075888.0,0.99326496036298,,False,0.0,0.0,False,False,False,normal,False,False
2026-01-01 00:17:00,consumer_005,steady,17,87794653.0,87504002.0,0.9966894225323722,,False,0.0,0.0,False,False,False,normal,False,False
2026-01-01 00:18:00,consumer_005,steady,18,89521872.0,88907472.0,0.9931368727409989,,False,0.0,0.0,False,False,False,normal,False,False
2026-01-01 00:19:00,consumer_005,steady,19,89243276.0,88853937.0,0.9956373295843599,,False,0.0,0.0,False,False,False,normal,False,False
2026-01-01 00:20:00,consumer_005,steady,20,88773714.0,88510036.0,0.997029773926097,,False,0.0,0.0,False,False,False,normal,False,False
2026-01-01 00:21:00,consumer_005,steady,21,87434091.0,86965678.0,0.9946426731879674,,False,0.0,0.0,False,False,False,normal,False,False
2026-01-01 00:22:00,consumer_005,steady,22,88597776.0,88058497.0,0.9939131767822253,,False,0.0,0.0,False,False,False,normal,False,False
2026-01-01 00:23:00,consumer_005,steady,23,91053336.0,90709929.0,0.9962285072125199,,False,0.0,0.0,False,False,False,normal,False,False
2026-01-01 00:24:00,consumer_005,steady,24,92070483.0,91500455.0,0.9938087866879117,,False,0.0,0.0,False,False,False,normal,False,False
2026-01-01 00:25:00,consumer_005,steady,25,1253870671.0,880637424.0,0.702335132615922,,False,355253018.726565,0.0,False,True,False,benign_burst,False,False
2026-01-01 00:26:00,consumer_005,steady,26,1262573501.0,1263593671.0,1.0008080084044153,,False,347449898.8365655,0.0,False,True,False,benign_burst,False,False
2026-01-01 00:27:00,consumer_005,steady,27,1257060464.0,1223509659.0,0.9733101104037267,,False,367336248.6240362,0.0,False,True,False,benign_burst,False,False
2026-01-01 00:28:00,consumer_005,steady,28,1223633885.0,1266161796.0,1.034755421144618,,False,331282678.9265513,0.0,False,True,False,benign_burst,False,False
2026-01-01 00:29:00,consumer_005,steady,29,1189678087.0,1181379589.0,0.9930245853137245,,False,340301277.9946219,0.0,False,True,False,benign_burst,False,False
2026-01-01 00:30:00,consumer_005,steady,30,1223124963.0,1178808858.0,0.9637681297164401,,False,360047083.6919733,0.0,False,True,False,benign_burst,False,False
2026-01-01 00:31:00,consumer_005,steady,31,1198299093.0,1175148347.0,0.9806803275282125,,False,355632673.255749,0.0,False,True,False,benign_burst,False,False
2026-01-01 00:32:00,consumer_005,steady,32,1198251231.0,1233533925.0,1.029445155646162,,False,348484473.81870806,0.0,False,True,False,benign_burst,False,False
2026-01-01 00:33:00,consumer_005,steady,33,1229631890.0,1221430755.0,0.9933304145194217,,False,340710691.5419497,0.0,False,True,False,benign_burst,False,False
2026-01-01 00:34:00,consumer_005,steady,34,1249591441.0,1237451408.0,0.9902847982134987,,False,365687722.43977046,0.0,False,True,False,benign_burst,False,False
2026-01-01 00:35:00,consumer_005,steady,35,1273404910.0,1242465605.0,0.97570348224902,,False,354657782.7654942,0.0,False,True,False,benign_burst,False,False
2026-01-01 00:36:00,consumer_005,steady,36,1207532423.0,1212594962.0,1.0041924663086252,,False,334192145.48362094,0.0,False,True,False,benign_burst,False,False
2026-01-01 00:37:00,consumer_005,steady,37,1241656907.0,1186986546.0,0.9559698329773798,,False,378772526.17573845,0.0,False,True,False,benign_burst,False,False
2026-01-01 00:38:00,consumer_005,steady,38,1220791590.0,1249971121.0,1.0239021395945234,,False,355946050.20103896,0.0,False,True,False,benign_burst,False,False
2026-01-01 00:39:00,consumer_005,steady,39,1231694867.0,1236828563.0,1.0041679933379148,,False,357010866.96814466,0.0,False,True,False,benign_burst,False,False
2026-01-01 00:40:00,consumer_005,steady,40,1246087146.0,1259836115.0,1.0110337138490955,,False,330046306.859869,0.0,False,True,False,benign_burst,False,False
2026-01-01 00:41:00,consumer_005,steady,41,1268719681.0,1231710707.0,0.9708296682441075,,False,360521633.1274358,0.0,False,True,False,benign_burst,False,False
2026-01-01 00:42:00,consumer_005,steady,42,1169408864.0,1229350717.0,1.0512582509379713,,False,311044030.09954625,0.0,False,True,False,benign_burst,False,False
2026-01-01 00:43:00,consumer_005,steady,43,1226996031.0,1198308253.0,0.9766195022027745,,False,344659872.80035174,0.0,False,True,False,benign_burst,False,False
2026-01-01 00:44:00,consumer_005,steady,44,1194088429.0,1197348087.0,1.0027298296515024,,False,340738268.0871159,0.0,False,True,False,benign_burst,False,False
2026-01-01 00:45:00,consumer_005,steady,45,1178289205.0,1176695766.0,0.9986476673186528,,False,331149806.9957557,0.0,False,True,False,benign_burst,False,False
2026-01-01 00:46:00,consumer_005,steady,46,1254813440.0,1226767656.0,0.9776494392664459,,False,335229944.3817947,0.0,False,True,False,benign_burst,False,False
2026-01-01 00:47:00,consumer_005,steady,47,1237364047.0,1201572718.0,0.9710745361587187,,False,372926358.9315939,0.0,False,True,False,benign_burst,False,False
2026-01-01 00:48:00,consumer_005,steady,48,1315343444.0,1298683475.0,0.98733413005098,,False,367166658.4357642,0.0,False,True,False,benign_burst,False,False
2026-01-01 00:49:00,consumer_005,steady,49,1288918671.0,1328835117.0,1.030968940785869,,False,348153387.90876913,0.0,False,True,False,benign_burst,False,False
2026-01-01 00:50:00,consumer_005,steady,50,1258801789.0,1202061348.0,0.9549250394336706,,False,362963909.7123368,0.0,False,True,False,benign_burst,False,False
2026-01-01 00:51:00,consumer_005,steady,51,1169803748.0,1243568696.0,1.0630575411697176,,False,326044757.7390121,0.0,False,True,False,benign_burst,False,False
2026-01-01 00:52:00,consumer_005,steady,52,1255905575.0,1220146450.0,0.9715272185172042,,False,353253710.9953754,0.0,False,True,False,benign_burst,False,False
2026-01-01 00:53:00,consumer_005,steady,53,1229349855.0,1237685478.0,1.0067805132656886,,False,332220866.32166666,0.0,False,True,False,benign_burst,False,False
2026-01-01 00:54:00,consumer_005,steady,54,1207099251.0,1164565874.0,0.9647639769764053,,False,347974483.4683234,0.0,False,True,False,benign_burst,False,False
2026-01-01 00:55:00,consumer_005,steady,55,1271144199.0,1253147255.0,0.9858419335790872,,False,362494052.31997776,0.0,False,True,False,benign_burst,False,False
2026-01-01 00:56:00,consumer_005,steady,56,1258703940.0,1275311087.0,1.0131938468389954,,False,365669051.70965624,0.0,False,True,False,benign_burst,False,False
2026-01-01 00:57:00,consumer_005,steady,57,1241868411.0,1222508125.0,0.9844103563400809,,False,358272227.8380009,0.0,False,True,False,benign_burst,False,False
2026-01-01 00:58:00,consumer_005,steady,58,1258529015.0,1273418952.0,1.0118312226595745,,False,344220876.8261141,0.0,False,True,False,benign_burst,False,False
2026-01-01 00:59:00,consumer_005,steady,59,1236368382.0,1222299008.0,0.9886204029439504,,False,354609079.85971326,0.0,False,True,False,benign_burst,False,False
2026-01-01 01:00:00,consumer_005,steady,60,1255950237.0,1245020751.0,0.9912978351545946,0.9902271166413219,False,359766079.93741524,0.0,False,True,False,benign_burst,False,False
2026-01-01 01:01:00,consumer_005,steady,61,1206924103.0,1206263955.0,0.99945303271485,0.9901387375332588,False,359121255.8441975,0.0,False,True,False,benign_burst,False,False
2026-01-01 01:02:00,consumer_005,steady,62,93947111.0,464732466.0,4.946745685452743,0.9953017110661305,False,0.0,0.0,False,False,False,normal,False,False
2026-01-01 01:03:00,consumer_005,steady,63,93695369.0,92938808.0,0.9919253106308809,0.995296841033798,False,0.0,0.0,False,False,False,normal,False,False
2026-01-01 01:04:00,consumer_005,steady,64,96545724.0,96281244.0,0.9972605726173849,0.9953014248220956,False,0.0,0.0,False,False,False,normal,False,False
2026-01-01 01:05:00,consumer_005,steady,65,94853394.0,94486693.0,0.9961340234172327,0.9953000098189712,False,0.0,0.0,False,False,False,normal,False,False
2026-01-01 01:06:00,consumer_005,steady,66,95810126.0,95336520.0,0.9950568272919295,0.9953039657785239,False,0.0,0.0,False,False,False,normal,False,False
2026-01-01 01:07:00,consumer_005,steady,67,88574055.0,88188966.0,0.9956523498895924,0.995303014134425,False,0.0,0.0,False,False,False,normal,False,False
2026-01-01 01:08:00,consumer_005,steady,68,99022743.0,98528187.0,0.9950056321909806,0.9953015672902499,False,0.0,0.0,False,False,False,normal,False,False
2026-01-01 01:09:00,consumer_005,steady,69,101498495.0,100915951.0,0.9942605651443404,0.9952979189556412,False,0.0,0.0,False,False,False,normal,False,False
2026-01-01 01:10:00,consumer_005,steady,70,96079408.0,95553285.0,0.9945240815805193,0.9952965744247906,False,0.0,0.0,False,False,False,normal,False,False
2026-01-01 01:11:00,consumer_005,steady,71,100198635.0,99557667.0,0.9936030266280573,0.9952907622490118,False,0.0,0.0,False,False,False,normal,False,False
2026-01-01 01:12:00,consumer_005,steady,72,96580031.0,96405579.0,0.9981937052805461,0.9953007069696415,False,0.0,0.0,False,False,False,normal,False,False
2026-01-01 01:13:00,consumer_005,steady,73,93812609.0,93289264.0,0.9944213789001434,0.9952968994815943,False,0.0,0.0,False,False,False,normal,False,False
2026-01-01 01:14:00,consumer_005,steady,74,95121935.0,94780414.0,0.9964096504134404,0.9952988225706305,False,0.0,0.0,False,False,False,normal,False,False
2026-01-01 01:15:00,consumer_005,steady,75,95392738.0,94824920.0,0.9940475762421245,0.9952951218358469,False,0.0,0.0,False,False,False,normal,False,False
2026-01-01 01:16:00,consumer_005,steady,76,97410391.0,96958796.0,0.9953639956131579,0.9952991528594678,False,0.0,0.0,False,False,False,normal,False,False
2026-01-01 01:17:00,consumer_005,steady,77,93908203.0,93511733.0,0.9957781110985586,0.9952975420034348,False,0.0,0.0,False,False,False,normal,False,False
2026-01-01 01:18:00,consumer_005,steady,78,99523589.0,99096651.0,0.9957101828391659,0.9953024415561562,False,0.0,0.0,False,False,False,normal,False,False
2026-01-01 01:19:00,consumer_005,steady,79,95086272.0,94612975.0,0.9950224465630538,0.9953012609713239,False,0.0,0.0,False,False,False,normal,False,False
2026-01-01 01:20:00,consumer_005,steady,80,100871639.0,100121952.0,0.9925679109863577,0.9952922973394485,False,0.0,0.0,False,False,False,normal,False,False
2026-01-01 01:21:00,consumer_005,steady,81,97873278.0,97698155.0,0.9982107169231627,0.9952994479588673,False,0.0,0.0,False,False,False,normal,False,False
2026-01-01 01:22:00,consumer_005,steady,82,99907731.0,98862215.0,0.9895351842191271,0.9952899892340021,False,0.0,0.0,False,False,False,normal,False,False
2026-01-01 01:23:00,consumer_005,steady,83,88322278.0,88443641.0,1.0013740927289037,0.9952994241277473,False,0.0,0.0,False,False,False,normal,False,False
2026-01-01 01:24:00,consumer_005,steady,84,88060476.0,87659678.0,0.9954486051154209,0.9953025640333136,False,0.0,0.0,False,False,False,normal,False,False
2026-01-01 01:25:00,consumer_005,steady,85,100214274.0,99624134.0,0.9941112181284674,1.0031593490809005,False,0.0,0.0,False,False,False,normal,False,False
2026-01-01 01:26:00,consumer_005,steady,86,101529539.0,101007952.0,0.994862706901486,1.0032060021800122,False,0.0,0.0,False,False,False,normal,False,False
2026-01-01 01:27:00,consumer_005,steady,87,98258550.0,97712364.0,0.9944413386926634,1.0040326534659998,False,0.0,0.0,False,False,False,normal,False,False
2026-01-01 01:28:00,consumer_005,steady,88,101564075.0,100997723.0,0.9944236975525056,1.0031418611742622,False,0.0,0.0,False,False,False,normal,False,False
2026-01-01 01:29:00,consumer_005,steady,89,96292292.0,96022555.0,0.9971987685161757,1.0034134921935256,False,0.0,0.0,False,False,False,normal,False,False
2026-01-01 01:30:00,consumer_005,steady,90,100192373.0,99513158.0,0.9932208911750199,1.0045690010168278,False,0.0,0.0,False,False,False,normal,False,False
2026-01-01 01:31:00,consumer_005,steady,91,92333705.0,92032646.0,0.9967394463376077,1.005266999400285,False,0.0,0.0,False,False,False,normal,False,False
2026-01-01 01:32:00,consumer_005,steady,92,95054109.0,94846616.0,0.9978171064651187,1.0045034830733208,False,0.0,0.0,False,False,False,normal,False,False
2026-01-01 01:33:00,consumer_005,steady,93,96388002.0,95912102.0,0.9950626635045303,1.004843416694704,False,0.0,0.0,False,False,False,normal,False,False
2026-01-01 01:34:00,consumer_005,steady,94,97559958.0,97021010.0,0.9944757253790536,1.0053130051862196,False,0.0,0.0,False,False,False,normal,False,False
2026-01-01 01:35:00,consumer_005,steady,95,97067643.0,96622986.0,0.9954191017082799,1.0063506726101803,False,0.0,0.0,False,False,False,normal,False,False
2026-01-01 01:36:00,consumer_005,steady,96,102240390.0,101811024.0,0.9958004268176207,1.006395197446136,False,0.0,0.0,False,False,False,normal,False,False
2026-01-01 01:37:00,consumer_005,steady,97,98735895.0,98273147.0,0.9953132748733377,1.008250209442085,False,0.0,0.0,False,False,False,normal,False,False
2026-01-01 01:38:00,consumer_005,steady,98,93804288.0,93389397.0,0.9955770572023317,1.0076166454769364,False,0.0,0.0,False,False,False,normal,False,False
2026-01-01 01:39:00,consumer_005,steady,99,105341743.0,104809292.0,0.9949454889881593,1.007710885706043,False,0.0,0.0,False,False,False,normal,False,False
2026-01-01 01:40:00,consumer_005,steady,100,98349485.0,97842880.0,0.9948489308307004,1.007529257901628,False,0.0,0.0,False,False,False,normal,False,False
2026-01-01 01:41:00,consumer_005,steady,101,100236096.0,99807975.0,0.9957288739577407,1.00911631695445,False,0.0,0.0,False,False,False,normal,False,False
2026-01-01 01:42:00,consumer_005,steady,102,89155691.0,88742267.0,0.9953628983706716,1.007280532369848,False,0.0,0.0,False,False,False,normal,False,False
2026-01-01 01:43:00,consumer_005,steady,103,108359503.0,107825624.0,0.9950730763318469,1.0086557734859125,False,0.0,0.0,False,False,False,normal,False,False
2026-01-01 01:44:00,consumer_005,steady,104,99453419.0,98870038.0,0.9941341282595825,1.0088783824283594,False,0.0,0.0,False,False,False,normal,False,False
2026-01-01 01:45:00,consumer_005,steady,105,97523996.0,97078895.0,0.995435984801115,1.0093219987967166,False,0.0,0.0,False,False,False,normal,False,False
2026-01-01 01:46:00,consumer_005,steady,106,102695023.0,102350200.0,0.9966422618163296,1.0109885269908445,False,0.0,0.0,False,False,False,normal,False,False
2026-01-01 01:47:00,consumer_005,steady,107,96768919.0,96033523.0,0.9924004937990472,1.0131589891982185,False,0.0,0.0,False,False,False,normal,False,False
2026-01-01 01:48:00,consumer_005,steady,108,103274526.0,103030088.0,0.9976331239709587,1.0147214762307255,False,0.0,0.0,False,False,False,normal,False,False
2026-01-01 01:49:00,consumer_005,steady,109,99595299.0,98783233.0,0.9918463420647997,1.013532207549087,False,0.0,0.0,False,False,False,normal,False,False
2026-01-01 01:50:00,consumer_005,steady,110,98732931.0,98570017.0,0.9983499527629743,1.01746784198529,False,0.0,0.0,False,False,False,normal,False,False
2026-01-01 01:51:00,consumer_005,steady,111,97268230.0,96727230.0,0.9944380606082788,1.0142541423130624,False,0.0,0.0,False,False,False,normal,False,False
2026-01-01 01:52:00,consumer_005,steady,112,98443778.0,97990753.0,0.9953981347607362,1.0174649533077196,False,0.0,0.0,False,False,False,normal,False,False
2026-01-01 01:53:00,consumer_005,steady,113,100231086.0,99810704.0,0.9958058720425318,1.01819562620856,False,0.0,0.0,False,False,False,normal,False,False
2026-01-01 01:54:00,consumer_005,steady,114,100164124.0,99607277.0,0.9944406542206669,1.0226650505778423,False,0.0,0.0,False,False,False,normal,False,False
2026-01-01 01:55:00,consumer_005,steady,115,98902824.0,98477042.0,0.9956949459805111,1.0261334990447077,False,0.0,0.0,False,False,False,normal,False,False
2026-01-01 01:56:00,consumer_005,steady,116,103238557.0,102570809.0,0.9935319901846361,1.0272502379627988,False,0.0,0.0,False,False,False,normal,False,False
2026-01-01 01:57:00,consumer_005,steady,117,103616787.0,103318581.0,0.9971220300432593,1.0320506140244172,False,0.0,0.0,False,False,False,normal,False,False
2026-01-01 01:58:00,consumer_005,steady,118,97841575.0,97412604.0,0.9956156572499982,1.0344106642326545,False,0.0,0.0,False,False,False,normal,False,False
2026-01-01 01:59:00,consumer_005,steady,119,97223504.0,96817801.0,0.9958271098725263,1.040910707881022,False,0.0,0.0,False,False,False,normal,False,False
2026-01-01 02:00:00,consumer_005,steady,120,104478851.0,103947443.0,0.9949137266067369,1.0491479719702104,False,0.0,0.0,False,False,False,normal,False,False
2026-01-01 02:01:00,consumer_005,steady,121,103766111.0,103181278.0,0.9943639306285652,1.0583846773474277,False,0.0,0.0,False,False,False,normal,False,False
2026-01-01 02:02:00,consumer_005,steady,122,94733051.0,94463910.0,0.9971589535314344,0.9952592625988792,False,0.0,0.0,False,False,False,normal,False,False
2026-01-01 02:03:00,consumer_005,steady,123,98734357.0,98273095.0,0.9953282523529272,0.9953135109631408,False,0.0,0.0,False,False,False,normal,False,False
2026-01-01 02:04:00,consumer_005,steady,124,94965168.0,94504176.0,0.9951456727797291,0.9952788440103706,False,0.0,0.0,False,False,False,normal,False,False
2026-01-01 02:05:00,consumer_005,steady,125,96255018.0,95849716.0,0.9957892896555274,0.9952734079677433,False,0.0,0.0,False,False,False,normal,False,False
2026-01-01 02:06:00,consumer_005,steady,126,103901225.0,102958966.0,0.9909312041316164,0.995200354782828,False,0.0,0.0,False,False,False,normal,False,False
2026-01-01 02:07:00,consumer_005,steady,127,102975307.0,102906477.0,0.9993315873289894,0.9952656055963945,False,0.0,0.0,False,False,False,normal,False,False
2026-01-01 02:08:00,consumer_005,steady,128,104542463.0,104039155.0,0.9951856118025457,0.9952685456431193,False,0.0,0.0,False,False,False,normal,False,False
2026-01-01 02:09:00,consumer_005,steady,129,97958776.0,97405216.0,0.994349051482636,0.9952706166908036,False,0.0,0.0,False,False,False,normal,False,False
2026-01-01 02:10:00,consumer_005,steady,130,98920471.0,98376314.0,0.9944990456019968,0.9952698388933436,False,0.0,0.0,False,False,False,normal,False,False
2026-01-01 02:11:00,consumer_005,steady,131,98973524.0,98573788.0,0.9959611825077583,0.995309677789534,False,0.0,0.0,False,False,False,normal,False,False
2026-01-01 02:12:00,consumer_005,steady,132,103156690.0,102731171.0,0.9958750227445258,0.9952724551692012,False,0.0,0.0,False,False,False,normal,False,False
2026-01-01 02:13:00,consumer_005,steady,133,96148454.0,95672909.0,0.9950540546392976,0.995282397117033,False,0.0,0.0,False,False,False,normal,False,False
2026-01-01 02:14:00,consumer_005,steady,134,94329860.0,93926058.0,0.9957192558114684,0.995271241424275,False,0.0,0.0,False,False,False,normal,False,False
2026-01-01 02:15:00,consumer_005,steady,135,100462752.0,99919226.0,0.9945897759201341,0.9952793905952025,False,0.0,0.0,False,False,False,normal,False,False
2026-01-01 02:16:00,consumer_005,steady,136,97553536.0,97222539.0,0.9966070220150708,0.9952998654351756,False,0.0,0.0,False,False,False,normal,False,False
2026-01-01 02:17:00,consumer_005,steady,137,102748929.0,102090448.0,0.9935913589911969,0.9952627005598396,False,0.0,0.0,False,False,False,normal,False,False
2026-01-01 02:18:00,consumer_005,steady,138,104202055.0,103816431.0,0.9962992668426741,0.9952733931285295,False,0.0,0.0,False,False,False,normal,False,False
2026-01-01 02:19:00,consumer_005,steady,139,95859267.0,95201412.0,0.9931372832216628,0.9952429242743739,False,0.0,0.0,False,False,False,normal,False,False
2026-01-01 02:20:00,consumer_005,steady,140,102538176.0,102259559.0,0.9972827973846541,0.9953235769482617,False,0.0,0.0,False,False,False,normal,False,False
2026-01-01 02:21:00,consumer_005,steady,141,101866717.0,101284168.0,0.994281262642439,0.9952581638385232,False,0.0,0.0,False,False,False,normal,False,False
2026-01-01 02:22:00,consumer_005,steady,142,102940896.0,102468627.0,0.995412231500297,0.9953569908089975,False,0.0,0.0,False,False,False,normal,False,False
2026-01-01 02:23:00,consumer_005,steady,143,105951087.0,105375924.0,0.9945714289840178,0.9952539209341401,False,0.0,0.0,False,False,False,normal,False,False
2026-01-01 02:24:00,consumer_005,steady,144,100091684.0,99589701.0,0.9949847681651555,0.9952465437420486,False,0.0,0.0,False,False,False,normal,False,False
2026-01-01 02:25:00,consumer_005,steady,145,97787266.0,97195699.0,0.993950469992688,0.9952443734642078,False,0.0,0.0,False,False,False,normal,False,False
2026-01-01 02:26:00,consumer_005,steady,146,102278811.0,102197029.0,0.9992004013421705,0.995318589419112,False,0.0,0.0,False,False,False,normal,False,False
2026-01-01 02:27:00,consumer_005,steady,147,103681597.0,102932284.0,0.9927729411806803,0.9952888643719633,False,0.0,0.0,False,False,False,normal,False,False
2026-01-01 02:28:00,consumer_005,steady,148,102725446.0,102210491.0,0.994987074575466,0.9952983731586849,False,0.0,0.0,False,False,False,normal,False,False
2026-01-01 02:29:00,consumer_005,steady,149,102743134.0,102431482.0,0.9969666878177962,0.9952964380619769,False,0.0,0.0,False,False,False,normal,False,False
2026-01-01 02:30:00,consumer_005,steady,150,103426680.0,102839301.0,0.9943208174138433,0.9953143084175666,False,0.0,0.0,False,False,False,normal,False,False
2026-01-01 02:31:00,consumer_005,steady,151,99246373.0,98963288.0,0.997147653950034,0.9953227064261261,False,0.0,0.0,False,False,False,normal,False,False
2026-01-01 02:32:00,consumer_005,steady,152,105331538.0,104788669.0,0.9948460925349822,0.9952748818742566,False,0.0,0.0,False,False,False,normal,False,False
2026-01-01 02:33:00,consumer_005,steady,153,103317857.0,102888166.0,0.9958410771140946,0.9952880092256076,False,0.0,0.0,False,False,False,normal,False,False
2026-01-01 02:34:00,consumer_005,steady,154,104018469.0,103219612.0,0.9923200465486567,0.9952498957482424,False,0.0,0.0,False,False,False,normal,False,False
2026-01-01 02:35:00,consumer_005,steady,155,105248829.0,105050159.0,0.9981123780484057,0.9952971416831732,False,0.0,0.0,False,False,False,normal,False,False
2026-01-01 02:36:00,consumer_005,steady,156,471956838.0,303000352.0,0.6420086067277194,0.9692314638204985,False,118120125.37653875,44453927.61105752,True,True,False,true_loss,True,True
2026-01-01 02:37:00,consumer_005,steady,157,720610877.0,586006226.0,0.8132075780477013,0.9528501133878848,False,159299514.9059704,126160769.80693355,True,True,False,true_loss,True,True
2026-01-01 02:38:00,consumer_005,steady,158,664181647.0,618919641.0,0.9318529709388371,0.950484967344569,False,128495768.68494089,204343701.04045394,True,True,False,true_loss,True,True
2026-01-01 02:39:00,consumer_005,steady,159,735634241.0,636903470.0,0.8657882334762066,0.942336717255432,False,142585739.0501406,290110729.86104333,True,True,False,true_loss,True,True
2026-01-01 02:40:00,consumer_005,steady,160,664671600.0,597965400.0,0.899640363752566,0.9385195835258048,False,124229103.38300818,367430090.74455816,True,True,False,true_loss,True,True
2026-01-01 02:41:00,consumer_005,steady,161,679283458.0,585625938.0,0.8621230667448404,0.9323670010177678,False,141360180.49389803,444112052.8310756,True,True,False,true_loss,True,True
2026-01-01 02:42:00,consumer_005,steady,162,697545609.0,618113382.0,0.8861261170952336,0.9285703825503302,False,141327908.61938152,525190883.9670876,True,True,False,true_loss,True,True
2026-01-01 02:43:00,consumer_005,steady,163,666556913.0,591024700.0,0.8866830250697587,0.9252355695328011,False,132996185.22509316,601942570.5793644,True,True,False,true_loss,True,True
2026-01-01 02:44:00,consumer_005,steady,164,742976082.0,636352774.0,0.8564916010311083,0.920052750875091,False,144615843.65363368,689047797.6986536,True,True,False,true_loss,True,True
2026-01-01 02:45:00,consumer_005,steady,165,743832941.0,652166875.0,0.8767652507070133,0.9167075777233669,True,152479373.1285387,775816416.6462021,True,True,False,true_loss,True,True
2026-01-01 02:46:00,consumer_005,steady,166,654951848.0,596208892.0,0.9103095041576247,0.915705641642396,True,129284218.95562115,851789515.0460916,True,True,False,true_loss,True,True
2026-01-01 02:47:00,consumer_005,steady,167,689859023.0,600704796.0,0.8707645706911338,0.9127427071944754,True,142029675.07648104,930590887.155383,True,True,False,true_loss,True,True
2026-01-01 02:48:00,consumer_005,steady,168,698299785.0,616119738.0,0.882314088067491,0.9105297562564723,True,139073446.71591097,1011701973.4617289,True,True,False,true_loss,True,True
2026-01-01 02:49:00,consumer_005,steady,169,683446434.0,604418043.0,0.884367834743871,0.9086934366406545,True,131715737.06375182,1090892690.8166509,True,True,False,true_loss,True,True
2026-01-01 02:50:00,consumer_005,steady,170,689686115.0,609318926.0,0.8834728041465646,0.9069126071949288,True,136040606.51104522,1170093090.2423859,True,True,False,true_loss,True,True
2026-01-01 02:51:00,consumer_005,steady,171,710052588.0,630829847.0,0.8884269385973986,0.905502982676745,True,131456745.9277555,1253037032.2051513,True,True,False,true_loss,True,True
2026-01-01 02:52:00,consumer_005,steady,172,678426378.0,588738154.0,0.8677996214351206,0.9033418840373088,True,135656255.35611457,1330343239.7982497,True,True,False,true_loss,True,True
2026-01-01 02:53:00,consumer_005,steady,173,712819467.0,640357330.0,0.8983443349197981,0.9025663523821775,True,123211252.44420873,1414253402.2354467,True,True,False,true_loss,True,True
2026-01-01 02:54:00,consumer_005,steady,174,719886574.0,610342171.0,0.8478310237245792,0.8997344050672533,True,150478008.59686196,1496175420.4645977,True,True,False,true_loss,True,True
2026-01-01 02:55:00,consumer_005,steady,175,702313075.0,621410267.0,0.8848052088450724,0.8986100737699546,True,142197796.86097014,1578108292.7959037,True,True,False,true_loss,True,True
2026-01-01 02:56:00,consumer_005,steady,176,735421490.0,644674415.0,0.8766053532104426,0.897197909564308,True,144498191.28015125,1664213537.9989765,True,True,False,true_loss,True,True
2026-01-01 02:57:00,consumer_005,steady,177,700458820.0,627337946.0,0.8956100317217791,0.8965942992413295,True,133845237.1941504,1745925840.673287,True,True,False,true_loss,True,True
2026-01-01 02:58:00,consumer_005,steady,178,697058422.0,609045228.0,0.873736273428169,0.8952867326926045,True,141754325.666426,1825800092.1849046,True,True,False,true_loss,True,True
2026-01-01 02:59:00,consumer_005,steady,179,676210615.0,604717599.0,0.8942740406404298,0.8947682593991351,True,129052354.08672369,1903906667.3726964,True,True,False,true_loss,True,True
2026-01-01 03:00:00,consumer_005,steady,180,726351309.0,609157646.0,0.8386542964156757,0.8923051970390156,True,159601246.23815268,1986519405.592333,True,True,False,true_loss,True,True
2026-01-01 03:01:00,consumer_005,steady,181,678931028.0,609125715.0,0.8971834985865457,0.8919646329833223,True,142347968.42422715,2065510508.473726,True,True,False,true_loss,True,True
2026-01-01 03:02:00,consumer_005,steady,182,305395039.0,417462556.0,1.3669591928112492,0.8982243622566851,True,0.0,2103634575.0702846,True,True,False,true_loss,True,True
2026-01-01 03:03:00,consumer_005,steady,183,109776938.0,101286850.0,0.9226605500692686,0.8979045807352009,True,0.0,2111585891.748204,True,False,False,true_loss,True,True
2026-01-01 03:04:00,consumer_005,steady,184,113133200.0,104424043.0,0.9230185568869262,0.8976087444289735,True,0.0,2119779542.081981,True,False,False,true_loss,True,True
2026-01-01 03:05:00,consumer_005,steady,185,105441746.0,97200816.0,0.9218437638542138,0.8972898287887494,True,0.0,2127415257.9669452,True,False,False,true_loss,True,True
2026-01-01 03:06:00,consumer_005,steady,186,106496038.0,98523996.0,0.9251423606951462,0.8969770430788152,True,0.0,2135129029.5727537,True,False,False,true_loss,True,True
2026-01-01 03:07:00,consumer_005,steady,187,109989473.0,101168164.0,0.9197986065448281,0.8966058009303363,True,0.0,2143094474.7406862,True,False,False,true_loss,True,True
2026-01-01 03:08:00,consumer_005,steady,188,108810161.0,100876165.0,0.9270840523799978,0.8962827242466576,True,0.0,2150973429.964893,True,False,False,true_loss,True,True
2026-01-01 03:09:00,consumer_005,steady,189,109336684.0,100872524.0,0.9225862748864782,0.895971779236098,True,0.0,2158894402.076312,True,False,False,true_loss,True,True
2026-01-01 03:10:00,consumer_005,steady,190,109669704.0,101293952.0,0.9236274769192411,0.8956617801659763,True,0.0,2166839258.3592463,True,False,False,true_loss,True,True
2026-01-01 03:11:00,consumer_005,steady,191,108310781.0,100069448.0,0.9239103169240374,0.8953448069344373,True,0.0,2174682075.3299775,True,False,False,true_loss,True,True
2026-01-01 03:12:00,consumer_005,steady,192,108060809.0,99649601.0,0.9221622706896447,0.8949999832543031,True,0.0,2182507515.3925223,True,False,False,true_loss,True,True
2026-01-01 03:13:00,consumer_005,steady,193,104317272.0,96274078.0,0.9228968142495138,0.8946904637181333,True,0.0,2190063420.7928505,True,False,False,true_loss,True,True
2026-01-01 03:14:00,consumer_005,steady,194,106351755.0,98268941.0,0.9239992419495099,0.894394805167312,True,0.0,2197763309.4450665,True,False,False,true_loss,True,True
2026-01-01 03:15:00,consumer_005,steady,195,106971494.0,98618118.0,0.9219102614384351,0.8940665349436518,True,0.0,2205509817.916774,True,False,False,true_loss,True,True
2026-01-01 03:16:00,consumer_005,steady,196,105700417.0,97657513.0,0.9239084931897666,0.8937509938300124,True,0.0,2213164289.516696,True,False,False,true_loss,True,True
2026-01-01 03:17:00,consumer_005,steady,197,104001778.0,96085368.0,0.9238819744023992,0.8934227587869481,True,0.0,2220696046.4212,True,False,False,true_loss,True,True
2026-01-01 03:18:00,consumer_005,steady,198,112214270.0,103364205.0,0.9211324459892668,0.8930722769819729,True,0.0,2228822290.7779284,True,False,False,true_loss,True,True
2026-01-01 03:19:00,consumer_005,steady,199,108779169.0,100633396.0,0.9251164255538669,0.8927912295729837,True,0.0,2236701478.266395,True,False,False,true_loss,True,True
2026-01-01 03:20:00,consumer_005,steady,200,111418539.0,102841791.0,0.9230222539536261,0.8924532652704875,True,0.0,2244770608.3370123,True,False,False,true_loss,True,True
2026-01-01 03:21:00,consumer_005,steady,201,105557301.0,97398565.0,0.9227079896633583,0.8921230309205157,True,0.0,2252415933.6013904,True,False,False,true_loss,True,True
2026-01-01 03:22:00,consumer_005,steady,202,107580417.0,99392623.0,0.9238914086008795,0.891791222906761,True,0.0,2260207843.5627184,True,False,False,true_loss,True,True
2026-01-01 03:23:00,consumer_005,steady,203,102264148.0,94382393.0,0.9229274857890568,0.8914367963709973,True,0.0,2267614916.906981,True,False,False,true_loss,True,True
2026-01-01 03:24:00,consumer_005,steady,204,105089600.0,96925777.0,0.9223155954537842,0.8911094127461957,True,0.0,2275224663.105305,True,False,False,true_loss,True,True
2026-01-01 03:25:00,consumer_005,steady,205,113336674.0,104554422.0,0.9225118252543744,0.8908108341942438,True,0.0,2283432779.9627404,True,False,False,true_loss,True,True
2026-01-01 03:26:00,consumer_005,steady,206,106871533.0,98809025.0,0.9245588813627292,0.8904672139863631,True,0.0,2291171886.225164,True,False,False,true_loss,True,True
2026-01-01 03:27:00,consumer_005,steady,207,104839120.0,96751710.0,0.9228588526878135,0.8901359214107962,True,0.0,2298764068.7955585,True,False,False,true_loss,True,True
2026-01-01 03:28:00,consumer_005,steady,208,106102942.0,97959204.0,0.9232468219401494,0.8898025485825132,True,0.0,2306446624.848147,True,False,False,true_loss,True,True
2026-01-01 03:29:00,consumer_005,steady,209,104936695.0,96864734.0,0.9230778041942335,0.8894572280130378,True,0.0,2314046519.0707226,True,False,False,true_loss,True,True
2026-01-01 03:30:00,consumer_005,steady,210,104126781.0,96078506.0,0.9227069643111314,0.8891181223947456,True,0.0,2321588513.5785794,True,False,False,true_loss,True,True
2026-01-01 03:31:00,consumer_005,steady,211,107862691.0,99688414.0,0.9242158996385507,0.8887997048003541,True,0.0,2329401175.434253,True,False,False,true_loss,True,True
2026-01-01 03:32:00,consumer_005,steady,212,107185669.0,98913870.0,0.9228273790967335,0.8884543700692284,True,0.0,2337164262.834158,True,False,False,true_loss,True,True
2026-01-01 03:33:00,consumer_005,steady,213,106014648.0,97948510.0,0.9239148725938325,0.8881176667601149,True,0.0,2344840277.9551334,True,False,False,true_loss,True,True
2026-01-01 03:34:00,consumer_005,steady,214,109147433.0,100655545.0,0.9221980053346742,0.8877909749470166,True,0.0,2352744569.0381107,True,False,False,true_loss,True,True
2026-01-01 03:35:00,consumer_005,steady,215,108670948.0,100262565.0,0.9226252907998925,0.8874319176438739,True,0.0,2360615544.6313524,True,False,False,true_loss,True,True
2026-01-01 03:36:00,consumer_005,steady,216,112910646.0,104240957.0,0.9232163723516381,0.8930238601348653,True,0.0,2368790943.37117,True,False,False,true_loss,True,True
2026-01-01 03:37:00,consumer_005,steady,217,108064082.0,99853259.0,0.9240189446110318,0.8959467917893816,True,0.0,2376615394.231276,True,False,False,true_loss,True,True
2026-01-01 03:38:00,consumer_005,steady,218,110266091.0,101811760.0,0.9233279159229468,0.8949191969149128,True,0.0,2384602211.4393225,True,False,False,true_loss,True,True
2026-01-01 03:39:00,consumer_005,steady,219,101246990.0,92694159.0,0.9155250837580455,0.8961168374435838,True,0.0,2392713063.954762,True,False,False,true_loss,True,True
2026-01-01 03:40:00,consumer_005,steady,220,118170748.0,109696983.0,0.9282921946131711,0.8961933325109511,True,0.0,2400491796.420916,True,False,False,true_loss,True,True
2026-01-01 03:41:00,consumer_005,steady,221,108854383.0,100580733.0,0.9239934142109831,0.8976064992083316,True,0.0,2408376280.975515,True,False,False,true_loss,True,False
2026-01-01 03:42:00,consumer_005,steady,222,109802976.0,101394271.0,0.9234200628587699,0.8982111909727072,True,0.0,2416327726.2830873,True,False,False,true_loss,True,False
2026-01-01 03:43:00,consumer_005,steady,223,105681845.0,97401657.0,0.9216498538608973,0.8987961864226284,True,0.0,2423982517.9409084,True,False,False,true_loss,True,False
2026-01-01 03:44:00,consumer_005,steady,224,111763122.0,103406355.0,0.9252278672029223,0.9008504519415925,True,0.0,2432077795.355543,True,False,False,true_loss,True,False
2026-01-01 03:45:00,consumer_005,steady,225,104050429.0,95996692.0,0.9225977530568374,0.9021038527898025,True,0.0,2439612175.5525746,True,False,False,true_loss,True,False
2026-01-01 03:46:00,consumer_005,steady,226,112647099.0,103908720.0,0.9224269503824506,0.9019055446766955,True,0.0,2447768334.8642526,True,False,False,true_loss,True,False
2026-01-01 03:47:00,consumer_005,steady,227,106057709.0,97985186.0,0.9238855612089453,0.9034960478843974,True,0.0,2455449559.9807,True,False,False,true_loss,True,False
2026-01-01 03:48:00,consumer_005,steady,228,113037755.0,104393476.0,0.9235275063628077,0.9046815084328189,True,0.0,2463635859.754241,True,False,False,true_loss,True,False
2026-01-01 03:49:00,consumer_005,steady,229,107970627.0,99454183.0,0.9211225845710797,0.9058152017402237,True,0.0,2471454862.5259213,True,False,False,true_loss,True,False
2026-01-01 03:50:00,consumer_005,steady,230,117684966.0,108801585.0,0.9245155834093541,0.9071452717341563,True,0.0,2479978344.1138196,True,False,False,true_loss,True,False
2026-01-01 03:51:00,consumer_005,steady,231,108808243.0,100451281.0,0.9231955064286811,0.9083350657932845,True,0.0,2487859657.428211,True,False,False,true_loss,True,False
2026-01-01 03:52:00,consumer_005,steady,232,102011869.0,94163452.0,0.9230636878146012,0.9107394951160277,True,0.0,2495246930.449972,True,False,False,true_loss,True,False
2026-01-01 03:53:00,consumer_005,steady,233,111028545.0,102309399.0,0.9214693302519635,0.9116144021492103,True,0.0,2503288480.3535156,True,False,False,true_loss,True,False
2026-01-01 03:54:00,consumer_005,steady,234,102686615.0,95109896.0,0.9262151255058899,0.915987269200783,True,0.0,2510724767.775273,True,False,False,true_loss,True,False
2026-01-01 03:55:00,consumer_005,steady,235,112405594.0,97228821.0,0.8649820488471419,0.9175639545030241,True,0.0,2518866217.707861,True,False,True,true_loss,True,False
2026-01-01 03:56:00,consumer_005,steady,236,106443503.0,109663735.0,1.0302529690327835,0.9219400193257282,True,0.0,2521314923.2536845,True,False,True,true_loss,True,False
2026-01-01 03:57:00,consumer_005,steady,237,110088630.0,109536301.0,0.9949828697114316,0.9248716411942755,True,0.0,2521314923.2536845,False,False,False,normal,False,False
2026-01-01 03:58:00,consumer_005,steady,238,112494432.0,111772914.0,0.9935861892257921,0.9300050447487385,True,0.0,2521314923.2536845,False,False,False,normal,False,False
2026-01-01 03:59:00,consumer_005,steady,239,113385629.0,113271825.0,0.9989963101937724,0.9340605661380403,True,0.0,2521314923.2536845,False,False,False,normal,False,False
2026-01-01 04:00:00,consumer_005,steady,240,114169556.0,113546299.0,0.9945409527562672,0.944536100356421,True,0.0,2521314923.2536845,False,False,False,normal,False,False
2026-01-01 04:01:00,consumer_005,steady,241,110895982.0,110321164.0,0.9948166021019589,0.9501613408496687,True,0.0,2521314923.2536845,False,False,False,normal,False,False
2026-01-01 04:02:00,consumer_005,steady,242,110671358.0,110302526.0,0.9966673220003318,0.931404065608736,True,0.0,2521314923.2536845,False,False,False,normal,False,False
2026-01-01 04:03:00,consumer_005,steady,243,109324577.0,108743495.0,0.9946847999238085,0.932613974545288,True,0.0,2521314923.2536845,False,False,False,normal,False,False
2026-01-01 04:04:00,consumer_005,steady,244,114392051.0,113859191.0,0.9953418091961652,0.933882482881953,True,0.0,2521314923.2536845,False,False,False,normal,False,False
2026-01-01 04:05:00,consumer_005,steady,245,108067015.0,107711000.0,0.9967056090149247,0.9351193777459198,True,0.0,2521314923.2536845,False,False,False,normal,False,False
2026-01-01 04:06:00,consumer_005,steady,246,109537275.0,109030049.0,0.9953693754021177,0.9362948870527106,True,0.0,2521314923.2536845,False,False,False,normal,False,False
2026-01-01 04:07:00,consumer_005,steady,247,114595884.0,114079629.0,0.995494995265275,0.9376131211802627,True,0.0,2521314923.2536845,False,False,False,normal,False,False
2026-01-01 04:08:00,consumer_005,steady,248,104776792.0,104279846.0,0.9952570985376227,0.9387153972705858,True,0.0,2521314923.2536845,False,False,False,normal,False,False
2026-01-01 04:09:00,consumer_005,steady,249,107457441.0,106984153.0,0.9955955772295005,0.9399239142423285,True,0.0,2521314923.2536845,False,False,False,normal,False,False
2026-01-01 04:10:00,consumer_005,steady,250,109279924.0,108754202.0,0.995189217005678,0.9411249702820439,True,0.0,2521314923.2536845,False,False,False,normal,False,False
2026-01-01 04:11:00,consumer_005,steady,251,115959695.0,115359676.0,0.9948256245413547,0.9423652415434809,True,0.0,2521314923.2536845,False,False,False,normal,False,False
2026-01-01 04:12:00,consumer_005,steady,252,110536727.0,109858093.0,0.9938605564103594,0.9435718899406829,True,0.0,2521314923.2536845,False,False,False,normal,False,False
2026-01-01 04:13:00,consumer_005,steady,253,115838355.0,115245057.0,0.9948782249195441,0.9448107853907215,True,0.0,2521314923.2536845,False,False,False,normal,False,False
2026-01-01 04:14:00,consumer_005,steady,254,115818146.0,115051608.0,0.9933815379845573,0.9460079831230781,True,0.0,2521314923.2536845,False,False,False,normal,False,False
2026-01-01 04:15:00,consumer_005,steady,255,114801353.0,114646557.0,0.9986516186790935,0.947323135369838,True,0.0,2521314923.2536845,False,False,False,normal,False,False
2026-01-01 04:16:00,consumer_005,steady,256,114664256.0,113932204.0,0.9936156913624417,0.948508788145499,True,0.0,2521314923.2536845,False,False,False,normal,False,False
2026-01-01 04:17:00,consumer_005,steady,257,107705320.0,107297026.0,0.9962091566136194,0.9496809492235123,True,0.0,2521314923.2536845,False,False,False,normal,False,False
2026-01-01 04:18:00,consumer_005,steady,258,109996609.0,109329270.0,0.9939330947920404,0.950910211795095,True,0.0,2521314923.2536845,False,False,False,normal,False,False
2026-01-01 04:19:00,consumer_005,steady,259,108021318.0,107543280.0,0.9955745957478505,0.952072503098772,True,0.0,2521314923.2536845,False,False,False,normal,False,False
2026-01-01 04:20:00,consumer_005,steady,260,113854208.0,113493208.0,0.9968292783697551,0.9533412457044603,True,0.0,2521314923.2536845,False,False,False,normal,False,False
2026-01-01 04:21:00,consumer_005,steady,261,108478117.0,107909339.0,0.9947567489579489,0.9545171558327306,True,0.0,2521314923.2536845,False,False,False,normal,False,False
2026-01-01 04:22:00,consumer_005,steady,262,110369720.0,109651705.0,0.9934944566317646,0.9556728513463055,True,0.0,2521314923.2536845,False,False,False,normal,False,False
2026-01-01 04:23:00,consumer_005,steady,263,111512292.0,111219689.0,0.9973760471177473,0.9568880630154059,True,0.0,2521314923.2536845,False,False,False,normal,False,False
2026-01-01 04:24:00,consumer_005,steady,264,105585493.0,105114875.0,0.9955427778321781,0.9580599637343533,True,0.0,2521314923.2536845,False,False,False,normal,False,False
2026-01-01 04:25:00,consumer_005,steady,265,108383205.0,107752199.0,0.9941780094065312,0.9592675467137602,True,0.0,2521314923.2536845,False,False,False,normal,False,False
2026-01-01 04:26:00,consumer_005,steady,266,111856602.0,111349815.0,0.9954693152577619,0.9604461547331613,True,0.0,2521314923.2536845,False,False,False,normal,False,False
2026-01-01 04:27:00,consumer_005,steady,267,112117711.0,111506905.0,0.9945521006935292,0.9616243297762882,True,0.0,2521314923.2536845,False,False,False,normal,False,False
2026-01-01 04:28:00,consumer_005,steady,268,112218341.0,111866470.0,0.9968644073966483,0.9628411387021488,True,0.0,2521314923.2536845,False,False,False,normal,False,False
2026-01-01 04:29:00,consumer_005,steady,269,112462311.0,111815896.0,0.9942521632869522,0.9640078989395958,True,0.0,2521314923.2536845,False,False,False,normal,False,False
2026-01-01 04:30:00,consumer_005,steady,270,112960999.0,112334156.0,0.9944508015549686,0.965178273002216,True,0.0,2521314923.2536845,False,False,False,normal,False,False
2026-01-01 04:31:00,consumer_005,steady,271,104936654.0,104593408.0,0.9967290171077877,0.9663476140315455,True,0.0,2521314923.2536845,False,False,False,normal,False,False
2026-01-01 04:32:00,consumer_005,steady,272,117256919.0,116778931.0,0.9959235838355944,0.9675761424595282,True,0.0,2521314923.2536845,False,False,False,normal,False,False
2026-01-01 04:33:00,consumer_005,steady,273,110363107.0,109727029.0,0.9942364978905496,0.9687190730755418,True,0.0,2521314923.2536845,False,False,False,normal,False,False
2026-01-01 04:34:00,consumer_005,steady,274,105936535.0,105380843.0,0.9947544820113288,0.9699025369525426,True,0.0,2521314923.2536845,False,False,False,normal,False,False
2026-01-01 04:35:00,consumer_005,steady,275,108545738.0,107867302.0,0.9937497684155964,0.9710694729724585,True,0.0,2521314923.2536845,False,False,False,normal,False,False
2026-01-01 04:36:00,consumer_005,steady,276,114006962.0,113429268.0,0.9949328182256097,0.9722962479817465,True,0.0,2521314923.2536845,False,False,False,normal,False,False
2026-01-01 04:37:00,consumer_005,steady,277,113391632.0,113142989.0,0.9978072191429435,0.9735199335766688,True,0.0,2521314923.2536845,False,False,False,normal,False,False
2026-01-01 04:38:00,consumer_005,steady,278,113504023.0,113021110.0,0.9957454107155304,0.9747350864716781,True,0.0,2521314923.2536845,False,False,False,normal,False,False
2026-01-01 04:39:00,consumer_005,steady,279,107193831.0,106485968.0,0.9933964203593022,0.9759398166504359,True,0.0,2521314923.2536845,False,False,False,normal,False,False
2026-01-01 04:40:00,consumer_005,steady,280,116630879.0,116292104.0,0.9970953232719785,0.977160308924956,True,0.0,2521314923.2536845,False,False,False,normal,False,False
2026-01-01 04:41:00,consumer_005,steady,281,110915833.0,110368796.0,0.995067998993435,0.9783315683252257,True,0.0,2521314923.2536845,False,False,False,normal,False,False
2026-01-01 04:42:00,consumer_005,steady,282,104641331.0,103992163.0,0.9937962562804176,0.9794847396371005,True,0.0,2521314923.2536845,False,False,False,normal,False,False
2026-01-01 04:43:00,consumer_005,steady,283,114326438.0,113963765.0,0.9968277416287561,0.9807037491537252,True,0.0,2521314923.2536845,False,False,False,normal,False,False
2026-01-01 04:44:00,consumer_005,steady,284,114267379.0,113640602.0,0.9945148212422025,0.9818746479232381,True,0.0,2521314923.2536845,False,False,False,normal,False,False
2026-01-01 04:45:00,consumer_005,steady,285,114428663.0,113914165.0,0.9955037663946139,0.9830360603500201,True,0.0,2521314923.2536845,False,False,False,normal,False,False
2026-01-01 04:46:00,consumer_005,steady,286,109471524.0,108770871.0,0.993599678031339,0.9842365986020263,True,0.0,2521314923.2536845,False,False,False,normal,False,False
2026-01-01 04:47:00,consumer_005,steady,287,108614552.0,108306877.0,0.9971672764437679,0.9854098140520954,True,0.0,2521314923.2536845,False,False,False,normal,False,False
2026-01-01 04:48:00,consumer_005,steady,288,108258371.0,107537854.0,0.9933444684845665,0.9865912251310153,True,0.0,2521314923.2536845,False,False,False,normal,False,False
2026-01-01 04:49:00,consumer_005,steady,289,113705787.0,113205439.0,0.9955996259011866,0.9878075326577505,True,0.0,2521314923.2536845,False,False,False,normal,False,False
2026-01-01 04:50:00,consumer_005,steady,290,121560164.0,120618175.0,0.9922508413200233,0.9890074573465898,True,0.0,2521314923.2536845,False,False,False,normal,False,False
2026-01-01 04:51:00,consumer_005,steady,291,107317067.0,107171260.0,0.9986413437855136,0.9902386182577972,False,0.0,2521314923.2536845,False,False,False,normal,False,False
2026-01-01 04:52:00,consumer_005,steady,292,105974257.0,105467893.0,0.9952218207106656,0.9913468213359118,False,0.0,2521314923.2536845,False,False,False,normal,False,False
2026-01-01 04:53:00,consumer_005,steady,293,113340371.0,112844851.0,0.9956280361919762,0.992584157632217,False,0.0,2521314923.2536845,False,False,False,normal,False,False
2026-01-01 04:54:00,consumer_005,steady,294,109611981.0,109167837.0,0.9959480341843288,0.9936613177487362,False,0.0,2521314923.2536845,False,False,False,normal,False,False
2026-01-01 04:55:00,consumer_005,steady,295,111838998.0,111032969.0,0.992792952240148,0.995815714204647,False,0.0,2521314923.2536845,False,False,False,normal,False,False
2026-01-01 04:56:00,consumer_005,steady,296,115338822.0,115003213.0,0.9970902338503163,0.9952887896528035,False,0.0,2521314923.2536845,False,False,False,normal,False,False
2026-01-01 04:57:00,consumer_005,steady,297,110395601.0,109932596.0,0.9958059470141387,0.9953023821535418,False,0.0,2521314923.2536845,False,False,False,normal,False,False
2026-01-01 04:58:00,consumer_005,steady,298,115088427.0,114408781.0,0.994094575643127,0.9953104739345751,False,0.0,2521314923.2536845,False,False,False,normal,False,False
2026-01-01 04:59:00,consumer_005,steady,299,107721943.0,107231883.0,0.995450694757706,0.9952501259952141,False,0.0,2521314923.2536845,False,False,False,normal,False,False
2026-01-01 05:00:00,consumer_005,steady,300,119729210.0,119244825.0,0.9959543289394459,0.9952748667843299,False,0.0,2521314923.2536845,False,False,False,normal,False,False
2026-01-01 05:01:00,consumer_005,steady,301,111028674.0,110411491.0,0.9944412287586178,0.9952686191257681,False,0.0,2521314923.2536845,False,False,False,normal,False,False
2026-01-01 05:02:00,consumer_005,steady,302,105046735.0,104610498.0,0.9958472102916859,0.9952545340628397,False,0.0,2521314923.2536845,False,False,False,normal,False,False
2026-01-01 05:03:00,consumer_005,steady,303,114372976.0,113711467.0,0.9942162124031817,0.99524608048166,False,0.0,2521314923.2536845,False,False,False,normal,False,False
2026-01-01 05:04:00,consumer_005,steady,304,105748545.0,105297492.0,0.9957346647180819,0.9952521836506347,False,0.0,2521314923.2536845,False,False,False,normal,False,False
2026-01-01 05:05:00,consumer_005,steady,305,112032250.0,111202316.0,0.9925920081048091,0.9951840083283922,False,0.0,2521314923.2536845,False,False,False,normal,False,False
2026-01-01 05:06:00,consumer_005,steady,306,111609416.0,111354111.0,0.9977125137900551,0.9952232302289996,False,0.0,2521314923.2536845,False,False,False,normal,False,False
2026-01-01 05:07:00,consumer_005,steady,307,107382145.0,107021187.0,0.9966385659366369,0.9952413464526174,False,0.0,2521314923.2536845,False,False,False,normal,False,False
2026-01-01 05:08:00,consumer_005,steady,308,115391523.0,114770238.0,0.9946158523273846,0.9952302958097252,False,0.0,2521314923.2536845,False,False,False,normal,False,False
2026-01-01 05:09:00,consumer_005,steady,309,113239270.0,112627293.0,0.9945957175456889,0.9952136787500324,False,0.0,2521314923.2536845,False,False,False,normal,False,False
2026-01-01 05:10:00,consumer_005,steady,310,110481288.0,110055046.0,0.9961419530156093,0.9952294134198644,False,0.0,2521314923.2536845,False,False,False,normal,False,False
2026-01-01 05:11:00,consumer_005,steady,311,117843950.0,117378580.0,0.9960509640079105,0.9952508850295672,False,0.0,2521314923.2536845,False,False,False,normal,False,False
2026-01-01 05:12:00,consumer_005,steady,312,99697722.0,99145708.0,0.9944631232396663,0.9952621361466469,False,0.0,2521314923.2536845,False,False,False,normal,False,False
2026-01-01 05:13:00,consumer_005,steady,313,124808526.0,124125891.0,0.9945305419278808,0.995255132716982,False,0.0,2521314923.2536845,False,False,False,normal,False,False
2026-01-01 05:14:00,consumer_005,steady,314,116846907.0,116311719.0,0.9954197503918525,0.9952904500006965,False,0.0,2521314923.2536845,False,False,False,normal,False,False
2026-01-01 05:15:00,consumer_005,steady,315,118321309.0,117860746.0,0.9961075227793499,0.9952472380408653,False,0.0,2521314923.2536845,False,False,False,normal,False,False
2026-01-01 05:16:00,consumer_005,steady,316,111945869.0,111282890.0,0.9940776823126899,0.9952556320976294,False,0.0,2521314923.2536845,False,False,False,normal,False,False
2026-01-01 05:17:00,consumer_005,steady,317,108142338.0,107569439.0,0.9947023616226977,0.9952313376371555,False,0.0,2521314923.2536845,False,False,False,normal,False,False
2026-01-01 05:18:00,consumer_005,steady,318,115922199.0,115546544.0,0.9967594213770911,0.9952791186077234,False,0.0,2521314923.2536845,False,False,False,normal,False,False
2026-01-01 05:19:00,consumer_005,steady,319,112342033.0,111729039.0,0.9945435026976946,0.9952620211420895,False,0.0,2521314923.2536845,False,False,False,normal,False,False
2026-01-01 05:20:00,consumer_005,steady,320,107806869.0,107424491.0,0.9964531202552595,0.9952545475599395,False,0.0,2521314923.2536845,False,False,False,normal,False,False
2026-01-01 05:21:00,consumer_005,steady,321,117167914.0,116591119.0,0.9950771932322701,0.9952595035834932,False,0.0,2521314923.2536845,False,False,False,normal,False,False
2026-01-01 05:22:00,consumer_005,steady,322,111403162.0,110665032.0,0.9933742455173759,0.995257233895094,False,0.0,2521314923.2536845,False,False,False,normal,False,False
2026-01-01 05:23:00,consumer_005,steady,323,113417283.0,113007983.0,0.9963912025647802,0.9952411790585441,False,0.0,2521314923.2536845,False,False,False,normal,False,False
2026-01-01 05:24:00,consumer_005,steady,324,111213311.0,110797208.0,0.9962585144146999,0.9952532920709577,False,0.0,2521314923.2536845,False,False,False,normal,False,False
2026-01-01 05:25:00,consumer_005,steady,325,112490044.0,111827515.0,0.9941103321108133,0.9952515008715366,False,0.0,2521314923.2536845,False,False,False,normal,False,False
2026-01-01 05:26:00,consumer_005,steady,326,108509188.0,108057105.0,0.9958336892171749,0.9952572826305703,False,0.0,2521314923.2536845,False,False,False,normal,False,False
2026-01-01 05:27:00,consumer_005,steady,327,114210313.0,113584753.0,0.9945227363136637,0.9952565633709023,False,0.0,2521314923.2536845,False,False,False,normal,False,False
2026-01-01 05:28:00,consumer_005,steady,328,110726935.0,110155408.0,0.9948384103651022,0.9952227879688587,False,0.0,2521314923.2536845,False,False,False,normal,False,False
2026-01-01 05:29:00,consumer_005,steady,329,115169985.0,108231814.0,0.9397571250877561,0.9942878264294707,False,0.0,2521314923.2536845,False,False,True,artifact,False,False
2026-01-01 05:30:00,consumer_005,steady,330,103851239.0,109666124.0,1.0559924470424469,0.9952405898300151,False,0.0,2521314923.2536845,False,False,True,artifact,False,False
2026-01-01 05:31:00,consumer_005,steady,331,120313384.0,119508906.0,0.9933134787398217,0.9951828605920906,False,0.0,2521314923.2536845,False,False,False,normal,False,False
2026-01-01 05:32:00,consumer_005,steady,332,119483462.0,119323095.0,0.9986578309891958,0.9952316919959052,False,0.0,2521314923.2536845,False,False,False,normal,False,False
2026-01-01 05:33:00,consumer_005,steady,333,113451801.0,112815927.0,0.9943952057667202,0.9952339116266685,False,0.0,2521314923.2536845,False,False,False,normal,False,False
2026-01-01 05:34:00,consumer_005,steady,334,110603849.0,110291191.0,0.9971731725177123,0.995273318199667,False,0.0,2521314923.2536845,False,False,False,normal,False,False
2026-01-01 05:35:00,consumer_005,steady,335,115022955.0,113975280.0,0.9908916007243945,0.9952230648300308,False,0.0,2521314923.2536845,False,False,False,normal,False,False
2026-01-01 05:36:00,consumer_005,steady,336,114995216.0,114703338.0,0.9974618248466962,0.9952661756122593,False,0.0,2521314923.2536845,False,False,False,normal,False,False
2026-01-01 05:37:00,consumer_005,steady,337,113375823.0,112846762.0,0.9953335641938406,0.9952245550914604,False,0.0,2521314923.2536845,False,False,False,normal,False,False
2026-01-01 05:38:00,consumer_005,steady,338,114376037.0,113576120.0,0.993006253573902,0.9951781408275,False,0.0,2521314923.2536845,False,False,False,normal,False,False
2026-01-01 05:39:00,consumer_005,steady,339,113294177.0,113231712.0,0.9994486477447115,0.9952781684853725,False,0.0,2521314923.2536845,False,False,False,normal,False,False
2026-01-01 05:40:00,consumer_005,steady,340,111809731.0,111269987.0,0.9951726563048434,0.9952449806877194,False,0.0,2521314923.2536845,False,False,False,normal,False,False
2026-01-01 05:41:00,consumer_005,steady,341,113413658.0,112834059.0,0.9948895132189458,0.9952419135205834,False,0.0,2521314923.2536845,False,False,False,normal,False,False
2026-01-01 05:42:00,consumer_005,steady,342,1467173092.0,1013004397.0,0.6904464118948005,0.9400962907682455,False,416767169.9191745,2521314923.2536845,False,True,False,benign_burst,False,True
2026-01-01 05:43:00,consumer_005,steady,343,1445390527.0,1501098801.0,1.0385420223526898,0.9544863405022989,False,385503439.4448451,2521314923.2536845,False,True,False,benign_burst,False,True
2026-01-01 05:44:00,consumer_005,steady,344,1526999534.0,1494631555.0,0.9788028887505869,0.9574869489257567,False,390748641.48888826,2521314923.2536845,False,True,False,benign_burst,False,True
2026-01-01 05:45:00,consumer_005,steady,345,1516678945.0,1444072855.0,0.952128240298081,0.9564685743404913,False,436382394.4999936,2521314923.2536845,False,True,False,benign_burst,False,True
2026-01-01 05:46:00,consumer_005,steady,346,1489899073.0,1547118313.0,1.0384047758918231,0.9651249473564565,False,406854498.62421405,2521314923.2536845,False,True,False,benign_burst,False,True
2026-01-01 05:47:00,consumer_005,steady,347,1493190286.0,1425272373.0,0.9545148976411169,0.9638382446776199,False,435556100.9760769,2521314923.2536845,False,True,False,benign_burst,False,True
2026-01-01 05:48:00,consumer_005,steady,348,1590704971.0,1581341640.0,0.9941137224245211,0.9665634047700484,False,450670753.82073236,2521314923.2536845,False,True,False,benign_burst,False,True
2026-01-01 05:49:00,consumer_005,steady,349,1495414388.0,1533053725.0,1.0251698374056302,0.9712799262163727,False,406944491.59567773,2521314923.2536845,False,True,False,benign_burst,False,True
2026-01-01 05:50:00,consumer_005,steady,350,1576879619.0,1523247626.0,0.9659885305423559,0.9707165956328099,False,453896290.45998764,2521314923.2536845,False,True,False,benign_burst,False,True
2026-01-01 05:51:00,consumer_005,steady,351,1582713518.0,1553005025.0,0.9812293932779818,0.9713720678075045,True,467693900.0001056,2521314923.2536845,False,True,False,benign_burst,False,True
2026-01-01 05:52:00,consumer_005,steady,352,1549341955.0,1587583706.0,1.0246825762876859,0.9749697316487284,True,439520259.1935656,2521314923.2536845,False,True,False,benign_burst,False,True
2026-01-01 05:53:00,consumer_005,steady,353,1429935705.0,1486548676.0,1.0395912702942123,0.9787904453357564,True,388241729.1562839,2521314923.2536845,False,True,False,benign_burst,False,True
2026-01-01 05:54:00,consumer_005,steady,354,1635145204.0,1455955991.0,0.8904138833898937,0.9729577163807702,True,480364786.15623367,2521314923.2536845,False,True,False,benign_burst,False,True
2026-01-01 05:55:00,consumer_005,steady,355,1615625096.0,1643028703.0,1.016961612609167,0.9755468557400263,True,454526433.92263806,2521314923.2536845,False,True,False,benign_burst,False,True
2026-01-01 05:56:00,consumer_005,steady,356,1600042070.0,1653946248.0,1.0336892254339287,0.9787706764091993,True,448833884.0546403,2521314923.2536845,False,True,False,benign_burst,False,True
2026-01-01 05:57:00,consumer_005,steady,357,120139411.0,582126747.0,4.8454270097928145,0.9952376172658614,False,0.0,2521314923.2536845,False,False,False,normal,False,False
2026-01-01 05:58:00,consumer_005,steady,358,111080020.0,110323986.0,0.993193789486174,0.9952342185338783,False,0.0,2521314923.2536845,False,False,False,normal,False,False
2026-01-01 05:59:00,consumer_005,steady,359,112036771.0,111882962.0,0.9986271560789627,0.9952469181734714,False,0.0,2521314923.2536845,False,False,False,normal,False,False
